-- MySQL dump 10.14  Distrib 5.5.60-MariaDB, for Linux (x86_64)
--
-- Host: localhost    Database: cyber_security
-- ------------------------------------------------------
-- Server version	5.5.60-MariaDB

/*!40101 SET @OLD_CHARACTER_SET_CLIENT=@@CHARACTER_SET_CLIENT */;
/*!40101 SET @OLD_CHARACTER_SET_RESULTS=@@CHARACTER_SET_RESULTS */;
/*!40101 SET @OLD_COLLATION_CONNECTION=@@COLLATION_CONNECTION */;
/*!40101 SET NAMES utf8 */;
/*!40103 SET @OLD_TIME_ZONE=@@TIME_ZONE */;
/*!40103 SET TIME_ZONE='+00:00' */;
/*!40014 SET @OLD_UNIQUE_CHECKS=@@UNIQUE_CHECKS, UNIQUE_CHECKS=0 */;
/*!40014 SET @OLD_FOREIGN_KEY_CHECKS=@@FOREIGN_KEY_CHECKS, FOREIGN_KEY_CHECKS=0 */;
/*!40101 SET @OLD_SQL_MODE=@@SQL_MODE, SQL_MODE='NO_AUTO_VALUE_ON_ZERO' */;
/*!40111 SET @OLD_SQL_NOTES=@@SQL_NOTES, SQL_NOTES=0 */;

--
-- Table structure for table `answers`
--

DROP TABLE IF EXISTS `answers`;
/*!40101 SET @saved_cs_client     = @@character_set_client */;
/*!40101 SET character_set_client = utf8 */;
CREATE TABLE `answers` (
  `id` bigint(20) unsigned NOT NULL AUTO_INCREMENT,
  `question_id` bigint(20) unsigned NOT NULL,
  `content` text COLLATE utf8_unicode_ci NOT NULL,
  `points` bigint(20) NOT NULL DEFAULT '0',
  `sort_order` bigint(20) NOT NULL DEFAULT '0',
  PRIMARY KEY (`id`)
) ENGINE=InnoDB AUTO_INCREMENT=87 DEFAULT CHARSET=utf8 COLLATE=utf8_unicode_ci;
/*!40101 SET character_set_client = @saved_cs_client */;

--
-- Dumping data for table `answers`
--

LOCK TABLES `answers` WRITE;
/*!40000 ALTER TABLE `answers` DISABLE KEYS */;
INSERT INTO `answers` VALUES (9,5,'Да',500,1),(10,5,'Нет',-250,2),(11,6,'Нет',550,1),(12,6,'Да',-225,2),(13,7,'Сохраню его в специальной программе',500,1),(14,7,'Запишу его на бумажке',-100,2),(15,7,'Запомню в браузере',-150,3),(16,8,'Ничего. Денег это не прибавит все равно.',575,1),(17,8,'Переведу 200 р. обратно на этот номер.',-275,0),(18,9,'Запомнить',600,1),(19,9,'Вместе с банковской картой',-300,2),(20,9,'В телефоне в заметках',-200,3),(21,10,'Позвонить по официальному номеру банка, написанному на карте',1050,1),(22,10,'Сообщить информацию, которую спрашивает звонивший',-525,2),(23,11,'Проверю вложение антивирусом',1100,1),(24,11,'Скачаю файл и открою его.',-550,2),(25,11,'Удалю письмо',-225,3),(26,12,'Не пользоватся этим файлообменником',500,2),(27,12,'Скачать быстро',-250,1),(29,12,'Скачать медленно',-125,3),(30,13,'Есть специальная почта для таких случаев',1000,3),(31,13,'У меня одна почта',-500,2),(32,13,'Укажу рабочую почту',-500,1),(33,14,'Нет',1025,2),(34,14,'Да',-500,1),(35,15,'Да',1100,1),(36,15,'Нет',-600,2),(37,16,'Заблокировать ноутбук',1075,2),(38,16,'Оставить открытым - никому он не нужен',-550,3),(39,16,'Взять с собой',-250,1),(40,17,'Touch ID',1100,1),(41,17,'Face ID',-550,2),(42,17,'Код из 6 цифр',-250,3),(43,18,'Общественная сеть',1125,2),(44,18,'Домашняя сеть',-600,3),(45,18,'Рабочая сеть',-600,1),(46,19,'Да, а то я один раз уже всю информацию потерял',1150,3),(47,19,'Нет, мне это не нужно, и я не знаю, что это',-600,1),(48,20,'Да, это больше защает меня от злоумышленников',1500,1),(49,20,'Нет, а надо?',-750,2),(50,21,'Зашифрую папку с фотографиями и выложу в облако',650,1),(51,21,'Перенесу в облачное хранилище',-325,2),(52,21,'Скопирую их на флешку или жеский диск',-125,3),(53,22,'Скачиваю только лицензионную продукцию',1100,3),(54,22,'Качаю фильмы с торрентов',-550,2),(55,22,'Качаю с певого попавшегося сайта',-550,1),(56,23,'Beatles_Yesterday.mp3',1125,2),(57,23,'Beatles_Yesterday.mp3.exe',-600,1),(58,23,'Beatles_Yesterday.bat',-600,3),(59,24,'Официант прийдет с терминалом к моему столу и при мне все сделает.',1150,3),(60,24,'Официант заберет карту, а потом принесет чек и карту.',-575,2),(61,24,'Официант запишет номер карты и CCV.',-575,1),(62,25,'Напишу в ответ подробне рассказать о ссылке. Если расскажет - открою',1175,1),(63,25,'Конечно перейду!',-650,2),(64,25,'Помечу как спам и добавлю друга в игнор лист',-350,3),(65,26,'Только ФИО, фотография и посты',425,2),(66,26,'Никогда не задумывался об этом',-200,1),(67,26,'Все, я не ограничиваю настройки видимости.',-200,3),(68,27,'Да, если это друг друга',1200,3),(69,27,'Конечно, чем больше друзей - тем лучше.',-600,2),(70,27,'Я добавляю только давно знакомых друзей',-200,1),(71,28,'Не стану устанавливать такую программу',1050,2),(72,28,'Отключу антивирус на время',-525,1),(73,29,'Соглашусь установить обновление',950,1),(74,29,'Отложу обновление на неопределенный срок - сейчас вообще не до него.',-475,2),(75,30,'Не нажимать туда, куда не надо',900,3),(76,30,'Покупать наркотики только за биткоины',-600,2),(77,30,'Всегда принимать условие пользовательского соглашения',-300,1),(78,31,'Позвонить по официальному номеру банка, написанному на карте',1000,2),(79,31,'Позвонить по номеру в смс, сообщить необходимые для разблокировки данные',-500,1),(80,31,'Позвонить по номеру в смс, уточнить детали',-400,3),(81,32,'Ничего. Это спам.',1025,3),(82,32,'Позвоню по этому номеру телефона',-500,2),(83,33,'Ничего. Это спам.',1200,1),(84,33,'Переведу денег на счет, вдруг правда что-то случилось.',-600,2),(85,34,'Попрошу подождать, а тем временем позвоню в полицию.',1250,1),(86,34,'Переведу деньги',-625,2);
/*!40000 ALTER TABLE `answers` ENABLE KEYS */;
UNLOCK TABLES;

--
-- Table structure for table `categories`
--

DROP TABLE IF EXISTS `categories`;
/*!40101 SET @saved_cs_client     = @@character_set_client */;
/*!40101 SET character_set_client = utf8 */;
CREATE TABLE `categories` (
  `id` bigint(20) unsigned NOT NULL AUTO_INCREMENT,
  `name` varchar(255) COLLATE utf8_unicode_ci NOT NULL DEFAULT '',
  `image` text COLLATE utf8_unicode_ci,
  PRIMARY KEY (`id`),
  UNIQUE KEY `name` (`name`)
) ENGINE=InnoDB AUTO_INCREMENT=7 DEFAULT CHARSET=utf8 COLLATE=utf8_unicode_ci;
/*!40101 SET character_set_client = @saved_cs_client */;

--
-- Dumping data for table `categories`
--

LOCK TABLES `categories` WRITE;
/*!40000 ALTER TABLE `categories` DISABLE KEYS */;
INSERT INTO `categories` VALUES (1,'Аутентификация','auth.svg'),(2,'Безопасность данных','security.svg'),(3,'Социальная инженерия','social.svg'),(4,'Интернет','internet.svg'),(5,'Электронная почта','email.svg'),(6,'ПК и мобильные устройства','pc-and-phone.svg');
/*!40000 ALTER TABLE `categories` ENABLE KEYS */;
UNLOCK TABLES;

--
-- Table structure for table `question_sets`
--

DROP TABLE IF EXISTS `question_sets`;
/*!40101 SET @saved_cs_client     = @@character_set_client */;
/*!40101 SET character_set_client = utf8 */;
CREATE TABLE `question_sets` (
  `id` bigint(20) unsigned NOT NULL AUTO_INCREMENT,
  `name` varchar(255) COLLATE utf8_unicode_ci DEFAULT NULL,
  PRIMARY KEY (`id`)
) ENGINE=InnoDB AUTO_INCREMENT=2 DEFAULT CHARSET=utf8 COLLATE=utf8_unicode_ci;
/*!40101 SET character_set_client = @saved_cs_client */;

--
-- Dumping data for table `question_sets`
--

LOCK TABLES `question_sets` WRITE;
/*!40000 ALTER TABLE `question_sets` DISABLE KEYS */;
INSERT INTO `question_sets` VALUES (1,'test');
/*!40000 ALTER TABLE `question_sets` ENABLE KEYS */;
UNLOCK TABLES;

--
-- Table structure for table `questions`
--

DROP TABLE IF EXISTS `questions`;
/*!40101 SET @saved_cs_client     = @@character_set_client */;
/*!40101 SET character_set_client = utf8 */;
CREATE TABLE `questions` (
  `id` bigint(20) unsigned NOT NULL AUTO_INCREMENT,
  `set_id` bigint(20) unsigned NOT NULL,
  `image` text COLLATE utf8_unicode_ci,
  `content` text COLLATE utf8_unicode_ci NOT NULL,
  `category_id` bigint(20) unsigned NOT NULL,
  `min_points_limit` bigint(20) NOT NULL DEFAULT '0',
  `max_points_limit` bigint(20) NOT NULL DEFAULT '999999',
  `time_limit` time NOT NULL DEFAULT '00:00:10',
  PRIMARY KEY (`id`)
) ENGINE=InnoDB AUTO_INCREMENT=35 DEFAULT CHARSET=utf8 COLLATE=utf8_unicode_ci;
/*!40101 SET character_set_client = @saved_cs_client */;

--
-- Dumping data for table `questions`
--

LOCK TABLES `questions` WRITE;
/*!40000 ALTER TABLE `questions` DISABLE KEYS */;
INSERT INTO `questions` VALUES (5,1,'https://proglib.io/wp-content/uploads/2018/02/How-Risky-is-Your-Password-4-Secure-password-tips-feature.jpg','Является ли надежным данный пароль: %F3k&sW2 ?',1,0,1800,'00:00:10'),(6,1,'https://hyperhost.ua/info/wp-content/uploads/2017/01/password.jpg','Является ли надежным данный пароль: qwerty123 ?',1,800,1900,'00:00:10'),(7,1,'https://www.wikihow.com/images_en/thumb/7/76/Choose-a-Secure-Password-Step-2.jpg/v4-728px-Choose-a-Secure-Password-Step-2.jpg','Вы только что создали новый сложный пароль, который от вас требуется сайтом. Что будете делать?',1,0,1800,'00:00:10'),(8,1,'https://support.apple.com/library/content/dam/edam/applecare/images/ru_RU/iOS/ios12-iphone-x-messags-green-sms.jpg','Вы получаете смс от неизвестного номера с просьбой вернуть переведенные до этого 200 р. Что будете делать?; WHERE id = 8;\n',3,850,1950,'00:00:10'),(9,1,'https://миито.рф/wp-content/uploads/2018/11/kak-uznat-pin-kod-kreditnoj-karty.png','Где необходимо хранить пин-код от банковской карты ?',3,900,2000,'00:00:10'),(10,1,'https://www.ema.com.ua/wp-content/uploads/2017/03/sotrudnik_bankaa.jpg','Вам звонят с неизвестного номера и представляются сотрудником безопасности банка. По информации от него была произведена попытка списания денег с вашего счета. Что делать?',3,0,2900,'00:00:10'),(11,1,'https://www.rudorogi.ru/content/upload/image/pdd/xletter_with_a_fine_1.jpg.pagespeed.ic.KKse9EdEZk.jpg','Вам только что пришло письмо с вложением \"Информация о Ваших неоплаченных штрафах\". Что будете делать',3,0,3000,'00:00:10'),(12,1,'https://images.sftcdn.net/images/t_app-cover-l,f_auto/p/260f7454-96d8-11e6-be44-00163ec9f5fa/1302437043/rapidshare-screenshot.jpg','Необходимый вам файл лежит на файлообменнике. Когда вы хотите его скачать - сайт предлагает выбор - скачать быстро с регистрацией или медленно и бесплатно ?',3,0,1800,'00:00:10'),(13,1,'https://www.jivosite.ru/help/assets/images/compressed/emails-c/ecm3.png','Что бы разово зараегистрироватся на новом сервисе необходимо указать свой e-mail. Какой укажете?',3,1700,2800,'00:00:10'),(14,1,'https://upload.wikimedia.org/wikipedia/ru/thumb/8/8b/Phishing03_0.jpg/300px-Phishing03_0.jpg','Явлется ли данное письмо фишинговым? From: info@aeroexpress.ru Тело письма: Уважаемый пользователь, ваш билет на аэроэкспресс запланирован.',3,1750,2850,'00:00:10'),(15,1,'https://www.sberbank.ru/common/img/uploaded/engage/phishing_page_example.jpg','Явлется ли данное письмо фишинговым? From: info@sberb.ru Тело письма: Выявлена угроза безопасности вашей карты. Для исправления перейдите по ссылке ниже. www.sberb.infohelp.htm',3,1800,2900,'00:00:10'),(16,1,'http://ysia.ru/wp-content/uploads/2018/01/2244822c48d10e4cfebb8e712eca6b8e.jpg','Вам нужно ненадого оставить ноутбук на столе. При этом есть уверенность что его никто не украдет. Что делать?',1,1850,2950,'00:00:10'),(17,1,'https://24.kz/media/k2/items/cache/79943456feca1cefc782ee70c581a1ff_XL.jpg','Что является наиболее безопасным методом разблокировки смартфона?',1,1900,3000,'00:00:10'),(18,1,'https://f1comp.ru/wp-content/uploads/2013/03/22662+2.jpg','Если есть необходимость подключиться к незащищенному wi-fi, какой тип сети необходимо выбрать',1,1950,3050,'00:00:10'),(19,1,'https://okeygeek.ru/wp-content/uploads/2018/05/Depositphotos_114184930_s-2015.jpg','Делаете ли вы регулярное резервное копирование на телефоне и компьютере',1,2000,3100,'00:00:10'),(20,1,'https://cdn.comss.net/img/112016/Sticky-Password-adds-two-factor-authentication.png','Надо ли пользоватся двухфакторной авторизацией',1,2700,3800,'00:00:10'),(21,1,'https://www.tehnoprosto.ru/wp-content/uploads/2018/05/-%D1%85%D1%80%D0%B0%D0%BD%D0%B8%D0%BB%D0%B8%D1%89%D0%B0-e1525200325824.jpg','Фотографии стали занимать слишком много места на локальном диске. Что будете делать?',2,0,2150,'00:00:10'),(22,1,'https://htstatic.imgsmail.ru/pic_image/c1c4ebbbce1f326d6cbf30e8a79b5fbb/840/462/1198844/','Из каких источников вы скачиваете фильмы/музыку?',2,1850,2950,'00:00:10'),(23,1,'https://texty-pesen.ru/wp-content/uploads/2014/10/4.jpg','Вы хотите скачать песню \"Yesterday\". Какой из вариантов выберете?',2,1950,3050,'00:00:10'),(24,1,'https://joinposter.com/i/site/blog/oshibka-oficianta1.jpg','В ресторане вы хотите расплатится картой. Какой из вариантов выберете?',3,2000,3100,'00:00:10'),(25,1,'https://png.cmtt.space/paper-preview-fox/l/iv/live-voting/81690daf8518-original.jpg','От знакомого в социальной сети пришло сообщение с просьбой перейти по ссылке и проголосовать за него. Что будете делать?',3,2050,3150,'00:00:10'),(26,1,'http://bootstraptema.ru/_sf/11/01708167.jpg','Какая информация в соц. сети доступна всем о Вас?',2,0,1750,'00:00:10'),(27,1,'https://lumpics.ru/wp-content/uploads/2017/10/Vozmozhnost-dobavleniya-v-druzya-cherez-sistemu-opoveshheniy-na-sayte-VKontakte.png','Незнакомый человек хочет добавить вас в друзья. Добавите?',2,2100,3200,'00:00:10'),(28,1,'http://pronoutbuki.ru/wp-content/uploads/2016/12/5-1.jpg','Что вы сделаете, если ваш антивирус препятствует установить какую-то программу?',2,1800,2900,'00:00:10'),(29,1,'https://news-cdn.softpedia.com/images/news2/microsoft-releases-critical-security-updates-for-all-windows-versions-505262-2.jpg','Операционная система предлагает установить критичное обновление. Ваши действия?',2,1600,2700,'00:00:10'),(30,1,'https://hyipcoins.top/wp-content/uploads/2018/03/Narkotik-1024x576.jpg','Как можно в целом сформулировать золотое правило КиберБезопасности',2,1650,2750,'00:00:10'),(31,1,'https://www.banki.ru/upload/blog/224/block-kard.jpg','Вы получаете смс от неизвестного номера \"Ваша банковская карта заблокирована, Справки по телефону 89639162332\". Что делать?',3,1700,2800,'00:00:10'),(32,1,'http://newslab.ru/content/forumImage/2017/April/r/5ea2ac76-f096-4280-a203-6b9ff73a2002.png','Вы получили письмо с поздравлением c выигрышем денег и номером телефона для связи. Что будете делать?',3,1750,2850,'00:00:10'),(33,1,'https://likeyou.io/wp-content/uploads/2018/10/4-2-1.jpg','Смс следующего содержания приходит вам \"Мама, срочно скинь 1000 рублей. Неогда объяснять\". Что вы будете делать?',3,2150,3250,'00:00:10'),(34,1,'https://avatars.mds.yandex.net/get-zen_doc/53963/pub_5ae039908c8be3ec66de8e70_5ae03b01ad0f222f77b46bc8/scale_600','Вам звонят с неизвестного номера и представляются майором полиции. Говорят что Ваш ребенок виновен в преступлении и что бы не открывали уголовного дела надо срочно перевести 100 000 рублей на карту. Ваши действия?',3,2200,3300,'00:00:10');
/*!40000 ALTER TABLE `questions` ENABLE KEYS */;
UNLOCK TABLES;

--
-- Table structure for table `sessions`
--

DROP TABLE IF EXISTS `sessions`;
/*!40101 SET @saved_cs_client     = @@character_set_client */;
/*!40101 SET character_set_client = utf8 */;
CREATE TABLE `sessions` (
  `user_id` bigint(20) unsigned NOT NULL,
  `session_id` varchar(255) COLLATE utf8_unicode_ci NOT NULL,
  `session_content` text COLLATE utf8_unicode_ci NOT NULL,
  `ctime` datetime NOT NULL DEFAULT '0000-00-00 00:00:00',
  PRIMARY KEY (`session_id`),
  KEY `user_id` (`user_id`),
  CONSTRAINT `sessions_ibfk_1` FOREIGN KEY (`user_id`) REFERENCES `users` (`id`) ON DELETE CASCADE ON UPDATE CASCADE
) ENGINE=InnoDB DEFAULT CHARSET=utf8 COLLATE=utf8_unicode_ci;
/*!40101 SET character_set_client = @saved_cs_client */;

--
-- Dumping data for table `sessions`
--

LOCK TABLES `sessions` WRITE;
/*!40000 ALTER TABLE `sessions` DISABLE KEYS */;
INSERT INTO `sessions` VALUES (5,'AEMNCSDFWQKCCVIDIFSABFKVEIHVQAXVSMIGPQUPRJBBVYVVARGIDBAJXEXEGBEKSKVRCRIMXPNIYGIJIHUKHQFBQRQXOWKSKQDIAMOMSLMICPKFYJLQYJUJBGBFJNFVAAGGGQPJAPCPSIQUPOHYEODNDIJXLOUGHGSLPSDHEHNAICGJESOPBAPPFWPCUTGBWVINSFDYBNYQKCTEIDFNLXBHUOHJPOUDCQINRUDCBHYQXNYVTXEBOJXHCVYLJCO','{}','2019-07-27 21:48:16'),(5,'AFPATNAMDFCRJTUCLNLNUSQVMFNHTQISJMQMHEOLNBDSHONUBARSFNBYUCXKEYVRUNJWCKOQLLNCNKJIGGSISRNQNSGSXIFWCCGMXUTXRCVXRXPHYECFBDNXUDTECNTIVLGVJRYEISAVEHEVNLOPTMCNXFYFKFSWBXNLOYXRNRGBEWICWXBBNAURQYERPNNIOJAJNJPNOYIPTCKSABQYTQNVDYJWWAXLIVAWHDPVWBGVUMAUMVCFYIJAAFJBPEP','{}','2019-07-27 21:48:16'),(5,'ALPJMKXVPJJCTLMYRQKWOJKJYRSGRGSKOEOWONDGVYLBBWWQHDWPMAUAJDGYEKCYHRLSNPXEPGHUSDCOJXQSGTHGHSBJWHRORPQATUQTJRQERWUDYOSTKTPQYIJIAKHROJJVDETSAHMJMJOLVILGDUMENWXPNWSLESWPLHSLSHPKHLTFYYDDXTIXTGXYFRCIERPUKGKPCPJVJIFWQPRUVLIXYJMVTNSNXFLFJABRNCQSPQOEQQASFKQGVSKYUPJ','{}','2019-07-27 21:48:16'),(5,'APBEUJPOSRBVVDYAJYYWIJRVVWYTJNUGWLHPRBWXVAGFGSQSLYODXIKKASMDIYUMAAKIMCNBVBMDTDDAASHJXBSXBHWUPQUQAHRRSDWPDCFAOLRJMETJCVUCACNLVIJROSNEAOUJVCLYRVFVGWCBMQUSARTVATUSDKWPMAUARJGPYWPQWFONVWKECENSQDWCCOTRSDHCRNQJJYTPAOQPCVKPEKFJLXNQAFKFSERWLUDKLCOCREDOTSXQBLQOYAN','{}','2019-07-27 21:48:16'),(5,'APHOMHFNXEQWHPDHFIJWBULBOOSHTNGTQNWBEGOMNCFTRAHIMVIWJQUIDWIPJJQKHFDWXROFFHWMOESOAJKTKGHKUWSNEFYHEUUSVMEBPLKSRUYWYCSXIJNMKREULHICPXUUYGORWACLWVYCRCYERSCXVGAMCNEHDQUXKGTADIBHXIBRXCDCVQMIXOJKAVXVTJGJJDJATLVLJJUYPLFPUXAGTRSKBVLAAYSRRXEQESWGEHUTPKIVQERPFMHKXUV','{}','2019-07-27 21:48:16'),(5,'APUIMERDVQQWJODFQINBNJTNOSNCQCMCTITPJIIGRHPDDDAHXJGQFLCPDGICQROBQBVOTRYEBJNLPEWRINNBOQXUGHNYCEVNVCHNOGPTAIIIIGAAUHPPOTIITIOCRNNIFOJVONFLNDVKQDHLNYEKPETNXDOGLNRQSJVIYSKAPRLMYBRICEFSIFNOEULWMIRIEKOQFMYITVBQTKNPMDLWQXHXIDQYDVEAIRQVRVIQYGPKDVUBBTMCATBYUQXSFRD','{}','2019-07-27 21:48:16'),(5,'AQDUYOFKQLVJMBJAAOQYVWXXKVDUENXLJUCHHQLFLRUKOTWJSXSHCWIEFMQTKJJKKDAJAOSBOGNDFSLQAYHVXXNFRPARRWNGPJCCXTKPMMAOREYPGYWEOUMJHASGCENLCMOAKMLIDKRILAQFPKTWYVJICLSNEUCHEDOLVUICXPQOWJCDFFVHYFDEYMWVARCYJJNCXHEDOLMVQNUMSEGDQSFDICOSKLFGTEQRLYFPEEALBCWMCMNSYTAHNKVNIYW','{}','2019-07-27 21:48:16'),(5,'ATVLTQJKOGPVVWUGBMMCVNWJYKHOXKBWFFRPGMVAAJGYHOABVABEOLYNLOIQDWSBVTLJOYCBTOQIQRKTWBNERLQIUYTSTXFSSASPVYNYBUXFWBKRQDYDLIHLUTFACSRGAPQTFEKMTTVEEDLVSJWWLNDASXYYXOWEUVTMHMKQLJBRCXNEOEGKBWUNXTDECMNGCBBQXABMKCOAQREUDJUTUWHNGICBPUHQICNHHQNVIWTQOEGWFUBGBYHJDSXPOUH','{}','2019-07-27 21:48:16'),(5,'AULCYHKOQNWWSIYPBNCCPKESTIADQHBRNHHVIGKAPHMYBTPXGJFGOHBEYNKEIEYNCROKEYBUHLUPGWRNSGRBUKMJQMKFFQLCWSBOLFGEECIWPJJOQPTVRLNIYKXILJACISHONKDTGTWDJKAIHWLXSMXSDMMACDVTEYYOSVNOWCISVORCLOXIAJSYBBMRXBKXJQRWBRRALEJOUSSFQMVCQHHACNPXMMPCPOLOBEGBKTRDQNGKYQBPCKNCTPAAHBC','{}','2019-07-27 21:48:16'),(5,'AWASYDGMHONWEAGCOHXAEGRAJLHDOYUPMTEJSVEAFBDFSRLKSYJXGUXJNLVIDWLCAQATGEAHJHIVQIJEQDIRCOIPIVSXQTOJKULAWBGFGRUTYUYPLNSPAFPSABXUEALVHTPRSCYRKDXDGNTRCLBGMTJUJIBVRVDBUNQTQMLUEIINOUTITXYLVMRLHEXJJIWMWLGXYIFKESXXLGOEOGIHWYLRYNBFBMHUIVYHCIPRYWJLTHKIQCUGUNOJHRMGXEC','{}','2019-07-27 21:48:16'),(5,'BBWDVPIVKPOAVSIYRSRROPGQNIJENMWFSHFOWFHSQNDAGEJWROQQRRUFMGYJQLXDAXHYGOPDDOAMIXNODJLYXRXFRSCMHPNCFJLWGFTHPADAKEGJPEFEOPNMGXLMHFYUXWKCMYOPMBASPNRAWBUQNWGCOOECCIAQPONMFGJGIDLVJNJLXLJKDHKVAJBMRMMMTYDVNTMAHFVRFQPLTXXIDICBTRJTAUAXXBUHONSRCDLJJSPHIWGXYOOJNPFADJY','{}','2019-07-27 21:48:16'),(5,'BGTDBQKMUNKPEVWLCLMITNDJIANFPWHBLEBQJPLGXLPRNMTPUECMPNLICNCLWCKUCHDMFVIIGNNGBPWSAGRVVYEIWANFWUWLUXOVHAWCOVBKKHAVBLKQUDLTXEWPCSWNTFDPRNOTOIYKOAIBUHEWWYXFWIAETMSKXRKTEFYFOMEFIDCCVWTQQNFLDHWVSHBWTFYQLUWKUAKXQWMUJGVNIXMVMJAGASQWABOUMGOXXFMILIXWIBEBCOGTGKNDFTN','{}','2019-07-27 21:48:16'),(1,'BIDBVPLCRYDERYGQROQPJRVLBNVLGPVPYBWLVHRSBYANRXWWUKFNONKPEJOUYGUFPYKDJXUNNWEEQUJCRLHNRDAONJMMDFMIQFMJRFKPCELJEEWYFRBFQDLWYKLIOPLPSUXLGNGJXSKLMLJVTIRFBNRRICMFNYDTTYMMIMRTESOABDYRAGCLCXHNVYYITSLBPHEJNBHGTOGGYXAQEUSUTJSVXTHUWITWQKDKKRUULGYGTOJASQTOAEVIMRUNDXA','{}','2019-07-27 21:48:16'),(5,'BJXACVKRTKTVUNOQMSDMGPFACTWLUWOKRTEBWNHBIMJKDFYBTLQDYHGGYASUDNAKVWMPQKELTDLKAEEEOKKNPKVRWSBUGWXHBATHTGFIEVASHVYPODMGONDHOGQRYWLXERUPXKTJNQCRDJRSXODKHULNPQRTJOYBNAQNLSNXAYTCXAXLUMWJGSPWLOSRWGKNANSIIACGTKTXOOPQVCWITTFMHKIKSBUSWBGFQJCDHOUQKPGUWKIMMDOPSORVLHN','{}','2019-07-27 21:48:16'),(5,'BJXWIPNNBLISSRTKAUETLCCLWOUFAJTFREMSEXOINFDSDIRLHLQQIFTQBYDSBQXPEOPWVLTRUHOXRBPRUOWCDRSCQAFTYCCHLLRIWPXYNMPYVNOPSMUXDBRFPOQJFLLFMVCRNCWHTSTRUCLQVMCLLNDBQHIAUXNQFBGUHPVQMVIXWOBJKHBPYWJXTXUBYNRAPQFCTFXCUVLBMXKKQWMMFVPAAXFYGTLVJMTTGSGSUBGTTCAEANRKVSHKRNXXCPS','{}','2019-07-27 21:48:16'),(5,'BLHGQKCAKHMVBRNSAQCJOROXCVTJCRYDLGIGWMCFJJXDPXYHEAUJMDQMWPDHSNRWVYBABBKINNXXODUSSTTYAKLBEATIRILILYEOHDBJPIWTFVVGJKPBFITQTQWPRLMGXGQMFBYAIPSWYQRWURSCMTQWDAWJNUKHDVKUXHWBXMCSDRIBHJDWWGIEXLTIBHYFHIMKSPEWFLBENSPFPBQVEQRPUGBOHRENJNHWVSCKSSVKEONAQPPIJGBDDWAPVDA','{}','2019-07-27 21:48:16'),(5,'CCTMXGFAXJPWJPKRSERRLMKHYFAVDEFNQWJOGQLMFYBVDJPRIDNUHXPPVUBIISSELWJTUFJJKTTBCKLRJAJHQKALKLGFRBHPXUAEHIRWCJYCTEXJUYDHVXGRSGNBGKUMLBWQNGXNOUFDRUXPGWGDQVHVGFIBVRNKCDXDYXVNXQBIGPEHUUKKPQBBSSVPTGCCCJIIBIWFCSJRWOTKQPNAPFGAOXVPGLVAWQQKGHPDFGGSWBVXQXMXHMOMULTDRXV','{}','2019-07-27 21:48:16'),(5,'CMDLKWKFWTGEGNIJEXPBEPNQBTLRSGPWHXQOVMBQCPAALVTIDKSUGPHLGYVECHCEKUGJUQFHOJIJPVEUUDWMHBLUNXJQBXEPEWRVGKVHEFCHJASANGMMEHLOVQCQEYETTQOAVYYCOBWNBTNSOOKTFKFMYWLTETVCROPQIDEFGXUIKHJJXUKFRAWSLSFTQTJQNXEPDUKDRHECUVPQPBERHTCLTLHOBPRMUNENBOHDKOJKRTIWQCSBRRKFXYBEKLJ','{}','2019-07-27 21:48:16'),(1,'CUPFPBLMHIECJMCNPKNUYHIUYUJAOMXHNQQEYNWTVNDALHQHOIIIQKMAECEFBBMSPSYBOGPSBPGHLTWJVXPELQBXFPRMUUVQGXVBLIMLWDUKVNLQIVDTOBHRVBCYFAOBBNUYLGAOKUQCYQEVNGNWWUGOOCKSJBOKOJQBPMOJHLXKYQKAOYBFOIKNAAPVYELATYHPUJRTRBSPBKKULDDHHOCGAAHPAJQBLAWCDMIPPPLXJWRVRHXYJGLPKAPNFGO','{}','2019-07-27 21:48:16'),(5,'CWJLVSNUPYLILUVHJARISGMADMOGATRAMUIXPQOCDLXKLKBGFLDRYLSJKKCRSXOBYPWOEJDCHCBJTECUBMGFFKJTRXMFMVDYTEHCUCPBQWAWPRYTPCCDBKMTYCVUKGHRORSOJPYQAXWTDVCPQWLNDOKCYXPMQRJFMUDGCYEXENKNBMHEUTBMEFGPMXEVWMWCRRCQIMTGXJNIFENVFXRVHFQUMQMRACWTBCASFUENTVEHDOTPKSHODLQJWBYXCIB','{}','2019-07-27 21:48:16'),(5,'CYAISUROIDUFHQRTAVUVKWMIRJHCABVVOERKAGYBNTIGVLUBGJAUJHRWLYQXOBJCJSTDRBVABNMFYFQRXUMOXXBITPUWBRTGQWYIDIISGOHHMQSRNMWIILAKIMWHKXHHAFYITTGMUJSKOJWKSYWTDQUUVAXMMGCBXWGYWYRRAYPYMUPJQHJYRPPJMDXKJPWIBBJGJXGWSOVRKYXBCHHPTIEUAEJJOFILBFTDLWSQOPLKKBMVJRBHJKTWIHAIFGW','{}','2019-07-27 21:48:16'),(5,'DAITHPJYHUBVGVWJNFNFCLIVJAYYFVNLLBESYBVASSQUIFVRPGORQXRYADYRICOGQEPLILSPOIMUTITLBWRKOILFIOQPANBMVSVSRJWUEQIMTEDBUTPXOXBOUOWVMPIIVJRRUOCVSWULMBFIHLUMRKIKTSEQOBENVYHSDRXWCDWNPVAIJNQIAMLXRRNTTVOHVEFLJGSMAQHBIKXDQUVQETKVVMSLRUSCVEHTVYAOCRPWOTEHOJCWUITVGFRLMUU','{}','2019-07-27 21:48:16'),(5,'DCONBYHCSHYWCVPGKCBQISITWUGAEPUJBRPYITKLFUVSFXNNTILSLBUTOTFVGFYHGADDJJXWVGSWCJRGXXWFXTUTQRDMUWUXAMPXVNQLOEXCWMKBGAWAGUFLLYRQWCVXPMEEINVNOCRMXJCPESHIAVGBFPDUQCOQMSGPLBKMHBEQSMRMPAYDOCDNXXUSTQGBOCQHDTEHAYJYJMLEQSSTTISUQTWPLYEJVHGLJMKNJTWQOJGRTFTXLLWVQNGQCWV','{}','2019-07-27 21:48:16'),(5,'DDWIWVIUHDSLWIHAASJEHSCGGFEBNXQPOKLCJPIWBYGGOEFMVXQQINIIRHLKICFEWHVKKSYUGUQIRROTDTIOUJVFRFUAFDOBFKYHQWFMHLXLXCLYEPGUMTNFXUOJHAFWHCGGJWOBBILVATGHSHHEKAUPBBPXIHAGXBEXCRARIDCXWLSYJUNDBMUICPEIYUTMJQDJTJDMXORMXDEMEIFVUCCCOSGTGXJKULAGFCTANFRADIOUVIVVICVPBKJPFDV','{}','2019-07-27 21:48:16'),(5,'DEPCPEXHUTMGBCXPPDFGGVOQVCMMEYFIRXYGMVWKMTEDDNAFWFERCHKDNGFUCGTETNVNJOFWELTYAJJBSRPCOJVBLMIDGYXVYFROTPTVNLQVCOEBWSHHFBBAOUTWMXYADMAEXUXHTEDHYSWYPXXYEDCMIRNXHOCUATPAILKHUVDKUHGGLNCMJCDARXXOUUUAJKQQVHVCOPMQGPRKXHWLOYQCBOMAIJPHLESWSMSDFDCQNPOBQEPOLYAMOSDRMBW','{}','2019-07-27 21:48:16'),(5,'DNUMVEHNRTKNLUEIQDFBQRYYLJMOGFCQMDYVFQPVMKHXLWYEKCMKEDRKUTJBCQCIKWTSFKRHUKTLQFTAQWPWUULVEXFNMQVVGRQLSDPNURSTPFNGYDAJCDYWQUOPBBLKDAFFHGLSADEVUOCTJMXQVLJPDHHRNPHBWPAKAOIVXTRLLAGFPIMHMARIBHMDVOEMPOPELMSLXUNMYPKETRWKHOMFLLONDPAKOKJRVPLTCLFXGACICDXJFBDDWOBRPLV','{}','2019-07-27 21:48:16'),(5,'DVPYMKRYICECUUXLIDBIEXAGWDBBCYTAWENMYRYIWLBDSSVKHUEXYWCCRFJFMVIVJWEVIFNJUDODUHPJMDOJOIQJHDPNRIVWHMIXWXEASJCJQFGQJQIYBAPLDUYIFHTTRUFAFWAPLSKPPKTLRXEGRNXDMQSIIHHUPYCEHBIOIHLIYAGHLVWFGNGFRJMEROKNLHWMHFGSNETYYQSRRUQLLWTWGCIOOSBOJYEUKIWACQLTPEVTIJGUJTVPHTIUSQD','{}','2019-07-27 21:48:16'),(5,'DXNCKXTDSOJAYFKTLBPMLGFTLVVDTDUUJNETEVLDYEAGNJYNYKRAORHPRWDMELQUNVIWPEDPQMPWEXQPBCNSUBRLXQPDTIXKYACWUFPLOIDQDHKWKRQMYIBIAXUJBUJSSAUSVUGNRDOBFDLBJONARPHXIESXLXVTJWQGUVGAYATHDKYQGKAVKLFQOVSCJRTVOFIXIWKUAFJTRTUTTIWHNLWEWOHLJEKQCTKVRRXYDGRARFHPJBTFSPYDLYJGSVC','{}','2019-07-27 21:48:16'),(5,'EHPDDXCQBTWUEDMLFPSMNAWWVEVSNBPKRVWIHLAUOYVAXCVLKPBSFGHTBUNHUBJYNBCCGEPSVJHTBRDOTVKEHNHXXHEGOPBRULXEEJHMAMYINFTSLOAYCPTBIRNHNNGVCPAJMHCQXXHFPXKLFNIYCVKFNERAESWIKRDXAXTHKBUNSWRRJJFXUQNXJSJARVVTRRFRUPHWYLCMWBPMUFRMMRYTIVGAHKITCFHXMFIGRJBEQXEXSTRJHSYSTJCOSOP','{}','2019-07-27 21:48:16'),(5,'EJMBNAYWTTSGWPFVOUCPRJOXYRAUKMAPPMIRDXLODEHPEXOTAMDCJAYIRDMMXKCSUEIKKYYYPXSELVPFKLWUINYIPLIXSLDHPCDVJICSAFXCMNATYVNXHVLAGUEXFYBDEFPXJYQMUNDPDXSFIEVQBRQROBXYYAYNWNCUUCHKYVHAOEENXHJDIQVIBHUVLWOLGWHXMATNEMWMBSPOVPTMEULTYWGYFRXTETGXPJQALCFOVSWYNJSGEOMYBSQYKRC','{}','2019-07-27 21:48:16'),(5,'EWAUYBFLWXCJWOHRRHIYGYYXYFBUEPUENKVOSYVMSYLXHHCPQWFTCDHRAYIXYVYOMAABOITFNIAJNUWWNMFQEPBFMPLITTAFJBRVDATMDVAVIIPCQAELKLATBSRELMBVQFGEUSFGSIGUUFHJSFBYTBHBJLAEBIUDLXFYWVGSYLPCBXFCJXEAMLNHTLQOVMRJCLKTITPTBBGBMUDYPBSXKSWNQYMGSRXRWVSTPQBFPIUSPJHVAWJQSIVOVMHKWFS','{}','2019-07-27 21:48:16'),(5,'FAEKGQYOJQKUFKRMTTVRYLNSHHJONFVYATHKBIYRNAXUSSTMJDREEWELORWBWJKUMTDMEPWMYLCUSMQUQUWRFPOIYMFGGLDDNYWVESGTPGOILEKMTPJQHNVKJTJHUINKHITQYHRHSAEDTVHLPMIOMDBPHWJFRBNQYORDGGPBGQPTEJPOTJERBBPHRHVPFGENHTXPIWWNTKEDDVPDHEXTVMXSOBMNWYWIMCHPOUYCKSOCHMHINMWFBXNKWYRVKYJ','{}','2019-07-27 21:48:16'),(5,'FEJQAMMSMHGJYFOTCMGCVTVOKERLVKANAHRIALHGDCCFARQHDGSOECDHEGNFEUPJBTVBCIUGTXWFIKQLODFNWUPCVLHFAVGHIRDLLBQAYVLMGVPFEQONVYDPYHXPIKKTMIYRSSSCAJASNEIVMVRTTFBRAMDKWRCDWCTGOEFWXJWMVHFARHBVYSCWARHBKBLBRDRCQCOUCTHSBFJGQULGYPJDBPNBPMXYYOXFUEMSIEVFSBSCNGPJFXBGJUVDRTL','{}','2019-07-27 21:48:16'),(5,'FVPKXGQOAEEKNCQVTDQNMNPJMJJCXWIXFNVGMGYGIXVADPLWQCJCFKLPMQTHFGSSEVYMJJJUUJUHVXODTIKNKHMBILRTBFPWNYXOVVNSOYYTNODOCALBXNEOXITSOESBGOYDHNOEEATNRSSCVCNUEWSRAYUHSSQEKXODHELBTSAQBQYJMVGTWDPAGFSXBNXECFMHUGRQLRGPFMKXFNROHQKGRDXKNPLYGYYBWWLPSKGBMTWFLXLNQMLJUAOGMUG','{}','2019-07-27 21:48:16'),(5,'GDMEPHDLTCUGSRXTYPHBQJLUIYYVUCGRRAVYWIIRIHLWIRDCGEALGQURSYHTIQJKMEDCIUCCGIOKKNMACWYCORRRTLNLDOPIQFTISIQEVDVCBYWUCIASWUVEIVOPFQLCFASJBFLDJTMOQBPXLDDQRRFVPDRKKYWBGOCJCDKSFPNVXLODSMOTAKQGGYOOFDDWVNCGGIFWDUJFARJPPAELETJKMSFDRTXJHXLTQWUVUUICAHYVFWAXGUGXASQCOGC','{}','2019-07-27 21:48:16'),(5,'GHQDSSDPWIIUYUKGIHTLTXOSLWLVEJPVJSMHWVKTUYAALIMTFQICQGSYMRWSLATBJELPFCOTJQMSGBIYTEHJAKIQKCPRUWWMMRLJQHNVUNDQQGUVXFPTYQKFTSSXNQNGLBCYUWDBLARQPTKHFFUFEVPXNAKEYUAYSDLUXCLRCUBPQFPRCIESHEMLPQYNFSIRTPVVPSUBCKGWEXCLTVHADIIVYTKXDSHHTYYMOKYAEMDGIKHMHVUIFTYLCBJFKYE','{}','2019-07-27 21:48:16'),(5,'GMDSEBGRRPEYEWICSKUQDXTUBRMYPGSBDCPLMHRUVHUJJINIJWFNKBPFPBUCOSBXLMGUADWNYMSOAXNAKWGPWROYKHQSFACRQAWNYKISXKWPDSEEADJSPGDJSVNMSOMDLEXXUNWEPXYNFNBPABBLSJFWFGMRMWDJIYVVSXATJFXKUPJKIFJBQYOHRDFOGFWRDTGQMOVQOSKMXANLCAVEBIVWUITCITJAWGOFPMESHWCJLOIKRRARSHNOQJSGYHL','{}','2019-07-27 21:48:16'),(5,'GOPFQSEQOEUKPKRESHALVAOPJGXNJMNDMKNYUKKIASTHXKPNGCSXCQAFHEOBPYRVOOLPFVAERUJCVQVSBHUVHLJIXFNEISBREXCIBTEHSUYWDIMARVKJUWVXGECNTPCHBTUGMBNXRRXPHRUBBIVMLSWUCSJTHHMTPPYYXDKFBEKXMGKHUJUJJMWTPQFVHIIQXMKITQDKDOMWXCXOUXYRVSQOAMURWFTHDLTBEFVEIXIDMORJTQDPUDBAKXDHXTN','{}','2019-07-27 21:48:16'),(5,'GPVKDDUTDIODWGCTRFBTUVVNMEVMIENSEJADVOEWNGLVMJHEAXCVENKTUBCSWDYACPTOPKOAJYXNLLCOQAOGCXQUUJFODPNMEBVAEWEBWOIXLHCHVMHANMVFYYKSLFUDIEMSYJFCLVGKDACGFYYNKCDVYFXNEKDOSFYITQIOJDLTTMYPYTNQIBTQDRWVFNUAQTMHXXWUDKTDWNVCFDUXIJSHCATCCCDNQJOSPKWNSFBIOCTEFLRCQJFONRRLERI','{}','2019-07-27 21:48:16'),(5,'GWQVWEMJBSJJBUFCVTISHGFPKAKFQCBTWHOCBJYUJKUSUVIJBCTHLTWLNHPGQCDIOOGCQOETRDXYKBRVQQXWDXNXTTYOWSDVNEEJMRTBKDQOBJWPVNJVQKBOBGVVTOWKNMDQHCVQGXPGKMYMMEGNSNPYNXVGEFLFNVOOSWVANVYPOBIHCJIYMGHJUMAUVSLBPPCJRJAFOFYXMFNRQPVTJDNIIUKMSDNSEYUUYDVXDJPGNPVOUGXOKRUDGKSWJNF','{}','2019-07-27 21:48:16'),(5,'HBHRXMWWWQQLLNRVSKQXEPXSPVKQYBPNHUPEYVRAQIQKGBPCGHNKYWGCHJIUMQNEGEPQHAOQYGDQOMEGBDGXQBIIKADAXWIAHJNYKFKQIDFLMKJBMQHJKMDHCDPQHIRDOXTHEXIYRBTOAKMVCEHKRKCVOTOULBUQSBDUIEFQHVHKIDOGKIFXHRYTTVXQOEUMLMFTHSRLGMKKWPXIQENWEFNJXJQTOTKRDPYNIUBRAUDRJPACGGVOORGUDVVMGMP','{}','2019-07-27 21:48:16'),(5,'HIDGCYYBGJXGIALTNQPEPSGVLXKEQSWETHOBOSPWPSKKDRCPNQUPRGNGRXOPMYLMGYAKITLBTRQGOXQCKBMOAPSHOAVKOVSFWJSKBPFWJUSOWKCEWCVFBKMWBVNANEIDRLAESMTRVVDLXOBGCLTETRMXKPQXNKKPLJXXAOUSRXUNPICEJWWTHVAQFMOXVEFPXTASIBQAIIIBBHKASEOHSYPYKNTFRPWKPSBJMAQGLTJIPPBOYALUJNDKMOGEVMM','{}','2019-07-27 21:48:16'),(5,'HKIJVKFIHPKAMIWGQNYBNMWOKUHYVNNLFXEOWYRLUWDROGOJFONDCTIAJHMEWCBLRINMPBHQGDOSPBETNAQNFEXLDCWPJBNLUMPATDSHSFPSQJWDJFJEEQWBTVKOWRERTAERLENOMOYQODTVWMDKDDOYSUGFVIVYGJAEMUYKVTDCACBVYGNVJYROYQJAICYUYYWTTRTQVXMRLPSFBPOSHVBHNEDFBRFWBINHTQNMMOWJVYMWMXQQRGFDEUGQMGJ','{}','2019-07-27 21:48:16'),(5,'HMHBRTBCAUCMRQYQAEVWJBRTXMMIIFGQWAPCBUKEHOGMEEXTSINOFPQXKRALHHXPXSYVLSXYRKVMQTMCNTOFFKIPTYVSEXMQWKUGGYBOQJFHMISQADTVBKKTSTYYCPETFGKNNYXQUPQCYSYPAKDANFIFSSPWRHKYUKADVHIQNCHJJFNTXADYBRUGVHJCNWLHKKTBAJXUETWGDNSAFBUVBXUVKHURVLOUFMWOOYCDGISMXOUAHNSFPGNTQLIYLXB','{}','2019-07-27 21:48:16'),(5,'HMMTGPKTKEHLHQIXAPKHUBTTAYTWFQEHAALCKRNUEWUFNOIDPGECJNEERTVDKWSQNEHRMUUVBTQVLHUIAQVPLXHJXLFOXAWCFPMKQNONNEDEOSVIDDUWVPJECIKFNTNVNDWYYULSSKKVFGOOVVGPXYPNQDCJKUIJFIOSIKVSTPOXJTVWJIMSFSGBBYDEJSYPTMAKJWCSLIHTLDPQEXTLXKBPLCLQWJYXTGPOBEWFXUQXJERCOVYFDXMPIQTRASJ','{}','2019-07-27 21:48:16'),(5,'HNHXGTKVVSWKCOCQKIYITIABCRTPKKWDPNQSALMGRFKSIQHKEXMEXYBOHWNVMDSUFKLIPSQAIEIGEECNSPMBMSYGKUNSBWLLPFXDRXIYVDUHYSQLDAYQQKYUSFCCHQSTUIDCJOOCKALAYJEUUHBDSGMUMOHHIOMXMKDVYABFXBDRVWXFJYODTYUYBNIAJVOBTOKODBMIVQKBYVQADQXBLILXWYVQMTJKLTYBCCGQSSNTKLURFDWRNMUNHKAYXUU','{}','2019-07-27 21:48:16'),(5,'HRAUEXNGLXCEWAEJAGYETKPBIJQCQASOBVORMQGXCMKAMLCHMUBFYYRMQUDQYJFLRDCFKTNOWTXWJVLOBAUDFAVWOABTQXBHPAFRGIPURABVNYNOQFYBYWCGVJYNBCJNIUCEHAYNQQYHOYFIWQRYRBCGVAYIGCGCSAVGFMLIUNWMEVSXWXPXJVISSUHUKRWUSYKPWYGDJJMBVQXKDXYOVWQSMNRVGJJKFEVFYHNKDJYMXEGBFMOQPFEALLHPKAX','{}','2019-07-27 21:48:16'),(5,'HVLYXYYTORLQFDPINSHENKVDJSJCQCXRHXUWGTKBXDTUISPMRJFGFGJXMQJYEFCOBNPHMLDVNDNVVPYDOGPXIOLOFQVLDHIAILKPPRREFTJMDPQOSNMQPDYVRVIAWGTYSOFDVLJEPOQVYBMMTKCCVQTRGMVXCKXVHXWUOICGFMXVWIJIVFFORIPAHKDDQWGNQYUBATIAALHYTMSEUHIKOMTVDMNITPDLJMIUMQTEQLQMKKTEYSGGERJHNVWCSTB','{}','2019-07-27 21:48:16'),(10,'HWAHMXLHVDEIMQCNKENLSIOFOULUYRHAELTCDEUXGYMVDDQAENNIOSKUDGJJAIMUUCEJMRAPQVFLXOIHQPTFEKMXBOKPQQOXEYDJSYHMXNBVPBFDDAUTDTDPBKJTMLCEEVPWOJUVJVMTHTBDSHBOQBXFAMYCGNXIEUCEYRGXRIFBHMRXUQPYJJXPBDLGTPTLARMWLPSUQNRHLWJMXHLHBJVYOYMCHBUPIYCVEXQYEHYAOBLNNYDFLLCLBRYOWFG','{}','2019-07-27 21:48:16'),(5,'ICAWSKMEPCTXYSOYAWPVMFRVDLJYCOOQFPLNYJRVFOETIIVRUQGCSPMRDULGVILKSDYSYGKOJXRDCAGVLVAKNQKMYFIWRBWSHASWTDLHRNUVNNXSNPMWLNISBPBJASOJLIKFINTVNNBRBRYNOPRILGNSVKIAYQLHDQVEDWONFJPTEMPFCTDBKCUMYVHRXONSXCPTVVWHJDLBFWIYEAYAPPTMNJBGUDWJUWDTGJNABDMJUWMQMKGUOKTOMSSQLAO','{}','2019-07-27 21:48:16'),(8,'IDGBBBURSRKLYWBMDJTBFEPQORPKMPLKEQLYPBKHEMLXAESEPXKHFXJOKBNSBQEQIQEXOIKTKOFGSYYSXSWKUKHUBFTTXAOFTHWSLUXIGQXTSPSLYAKFHRWGORJBLDGIAGBNQTFLQBWQVEDUSFCCRIGXBJWHBJJKECSVCESLXIBYUCRBASDVEYCHPRTWGMNLUHLNRNQLJBVBNPDWFXRCMEGNACFUJGFXIOJDXXQYKVHNMNKLCIFQVYGYYMKEYAF','{}','2019-07-27 21:48:16'),(5,'IJYJLEEYTGDQDWWLGMOOJYELGMLDYGAGJRWXTAYNVRFIUGNALPWXJVWVYCUUAMUXRXEWBLLDJTLCYKNCYNDAOPOTIVOTUDLRXGCSKHNKAHPOHRRKGMDEGMBOJFLQBIHUDAPKXSNYHABVRQHTKCNGVIXSRFMNHWKRXDKUTSQDRTLVVDQBJMTBBFXRANFINGVQKOKTNFRAFBMLBQDHQMRENYNGVWOTYVBTKABNJTJNWUWWPHLAGKDBGQNGTBRPTHT','{}','2019-07-27 21:48:16'),(5,'JFJQBGXQRAKKWUXCAJSVEAWPJAVRXHIUNGVSJVOEJTHHBPQNXSVOVEKUQOQBXGAYTNUKMHOJRUCPCQTVGFJRROYCAXTXFPWQWOGQXPAJVLDFIQOKFVRNRAUUEXBESUNXBIUYIKEPDJYONTPHRDVNCGDLOIFQHNQLTMFFIBJTPOLXSFYBQIHATTMNIMLQTGECRGPMWUTPOXLJOKHONHAMVTKVAHQIBIPUUXNIYHEGPQCQRMSSFIIOGSOOMMJETNE','{}','2019-07-27 21:48:16'),(5,'JOKWACMHDDHQODJEXXLUHSUMAUTKMRMDUOFMINBOMFIIYVOLHGQHDWJRWNTYAMUYHTQQFMASEJFLMQAPSMJEBWLFPSPIOWKASYMFQFVDYILNRLQRXLOJFRXMLACFRNUFJQAUAFSCYAALYIEJSTFIFXLDHDIRHIYVJEFTJRQFHJOQCEWHVKQQOBXGRJEWEDCEXHVLOXCFLUEYYSXQCTLWRYUMQRSGBIYNTHWTUTORPXIVQBUMTHRKTVPAFSBRXWI','{}','2019-07-27 21:48:16'),(5,'JTHRPBFNPYOVRQOYKBXPVFHLUHOYTUPCUNCJCMRFXUKFOAHODMYWJPDDKTSPRHHIIFGMEUJLGPAHKDUTQTVIVIPKOUKJDCKRRTKELCBPODNPSSPDWADFOYSMIKIUTLUSCXCQSMRNNPXXEWSGQMHPPKUXQKAPSLHKTCFPQFADNNBPWXJSGMVNWEPWFBQLRPEGEQUSSNNVPEHICPWQWGVDETBRGMUIVFBOAIHAWLMBDGLIYDWIFBYRTPADQUPCVMD','{}','2019-07-27 21:48:16'),(5,'JYXYTMKMOHCAQMOBWFCBLBYPOLCOFSSNEXNNQMBGRMPVPUTLLFPLKYHSOGQBVGFICFDAJBOFRVCIUCTGLEUHCULJKXLLADPDVIIJMKWPQXACDSIFTGFLPDFKGOSWVMXDBVGHYBVMJFLEQPXNIOWVXMPYNYKXGMFORGFCOQUMKMHKDSTMRNYJBGDCLBKSEEONABGUSSQRBDYDJKDJJWSNKEUHSSKSATDNOFVOEOAAIHBCGQPEUFPJFWUHVKFULMQ','{}','2019-07-27 21:48:16'),(5,'KKKOSKXVPKMVDXIQDLRLDMEKSCYFTRUOBVSHFFYPPWWLFNLKGEXVPVLVGCIECFQJEVQGWNBJYMOFAJLVAXUYSCKBFOMAKRHSARQSXIFWLPNETIDMVPEGDKMFRCGFCETBPPKNPQOEGIJRCLQWEGHHGAALCFPPDXDYGIVJPXYACXMNPXQFCOLOCFTPJOAEWKXNILLQFUATEXPTRHBHLSEDCMCYUWBJONFWUDXJDSBLMWYOWUNWHPKXAFIDATLEFRB','{}','2019-07-27 21:48:16'),(11,'KQTOAQLVLHBTEPMOXJFNBPHDCVUVMHWOBMAORMBRCXXGVNVHQJGVGKAFPUUFREKJAOTUQVAJUPKXPRESKCRYIJKSWVJMTLTRDOOLKHKMPVPFMJCAJHKOIRUGHFLTUWEBYRJBIVKAEVGUYTBRDHQSUHATBIGLLBSFBTQBWUYOHTRCEEIEBDPVTQSAIFVXCNBORMHQFKUKCCFWSEFLBONJPQHDAWBECBDMHYMBUMIOBMHXOYWRMVWGSCUKXYKWQSQ','{}','2019-07-27 21:48:16'),(1,'KVECNKGVTIMJIIDDFTSGXQEJSONWJXJIIIJUTTYNNDRFYJHQNXGFLJESUKASTURNSVRSSLKNWOHJQHGHDFAQTGTVDWKGOWYWMVAMHSIECSTDYGWVTKKCAKLRKNQLDMFOWBBAVTSYWRVTPOPNCAHEMYEFQJJNEYSQGJMGXRAEWNXMLVSELEMQOJGMYWPKCCDSVITTRMWDIQAEOJEIOIHELAOPNQDPROPVPQTASNSCWBTXMJXJCECLMYXNFJFPAYW','{}','2019-07-27 21:22:41'),(5,'KWSKJPJCWAOHXRKLSDEQBRKKBEYHSKIPKMRJEJWHPQPFCXMNRUODUDVSIYFUICJGQMSIUCAXACWFSHKABWBKQMDORMPBCWOBDKICLUPCOKKMSUPPVSCJBXWLRTEDFIVNTNQGJSARREKCIUIWMVYJFBTYYDWKBYSGPAYTIWHTMLMJTUFESYBUVHXSYXKEKBXJEMXVRKPNOXEEWGVWUNRAKKJTOLGYAWDMXJGOFPUEFKWGDIURDYYEUOTQOAGFRHE','{}','2019-07-27 21:48:16'),(5,'LCAIDPURXDIPEVFWVRWXBBESWARCPUYKPBUVXEOSKIGVSGWPWTOLPFKGBXKFNBATHWXKPPTAFDOLGSSXNMXKFPKNYUBHIQKUOSXYGMXYRHFUFHTSOCUVMYTQMVXGMUIMULIPFBSWLIOGSHNXSDIHSCIBCVVEIJKUXIJOLMMRHTDDSQYLQETQAXQUBOXCRPGBQTQECQEUVRXHGRMHUQOAQGVBSMXOFXFTOLAQBALOHTTJPVTAQHQCLVBBWLCLQJK','{}','2019-07-27 21:48:16'),(5,'LDDIFYQAHFGYFDSJXRMBXIPRSJKPEQFFHNWUQPDEOITGPATUGSLVNIKSDNDTAHHDHMSUPPAPVEJDFBMJUEGTGFOGPQISQSYITNXIBCGUEOMHEJIAVALXMUQVJUBRSPVVSICVDHGLSTYPFLTLAOKXIANTQTECPUGTPXGENCVAYSCTDQDXEPKDRLDQJJGOLYOLDVPVOQCCWCPQGMWHWNUSXHHRWOVFXIJFNNQKLVTPNVFKYGNAFAOQLLKPBIBLIWI','{}','2019-07-27 21:48:16'),(5,'LDEXRMQUQYPWHKWOMDTRYOBRRLAVYSIKIYFJEMIQUTOQQFMHPHYTUCTAFJUFLCAIYVGDPJHVCLELPYAOOVDHYPESGHQFKPJKINSESTKPNYDLOIOLCFAUPJIRTVVROWXKWOJTGPVMBSJJLUVMDCJWFJLHYXNFRQKEGVACYOVLNFCOLTSHCPTOOBVUIANDABTOIVLDGNPRVOXRHUGTDRYBNTEHMQDFDOFEPAESSDXFXOADBOJPJYASBBQVQSKQDTA','{}','2019-07-27 21:48:16'),(5,'LDJJYFQDUBSDVOWOEDFBBBMHVHMLUKTKHVKUDTVVFDBHYEFUEVVGKUTTLHFBYWMJYLMYMIOTDEPGMKJYFBQCOUQPJSXBYKCTDLHVJULWTCNQDGJOSSHDQKVPOXPBUDFCFBIKTIUSYAHHVCVRRIGCSCUUCMTVGBPENKJBRYYDMVIOIFHSANTOFORSVCEETGMIYDCQNJVVQYMBBBQCYXMQRCLUOCIRKKAHNNRAKTBIHHLABAYLNMFYQITIPEMQFAR','{}','2019-07-27 21:48:16'),(5,'LHKWJGQPKIWMWVAPUDNTWBDHMAXCQCIQKJIODJLQUQJOTOHJJITFSJHAPCIOPSGOBHFEGTBKYLYHKWJNLCRXQIJJQLTOSYTEVDYDULGIQEKEPGINMWCYKDKICOIBTULKNRQYPJLAFCNMNFXDBASFSNWYDWKJJFQRVALEDNDPGIODBORRJGJQBUUBLDPRPBENDRRMBFJJYHBKIOSNBNEPYKHSYFDMTWTCGRRSHSXRJHMSKWPHNMEAUWPDVMFHRGE','{}','2019-07-27 21:48:16'),(5,'LHXNSYGGPDDIHPMAUQFASNYOQGDEMVRCPYKYAFNSNCJVJHINERXNLCLLVAMCRHMWATEHXGTJXWYVQLPJIOBLIQLCDLNCKUSIOUSLUKONYWRESJQXGXXAOBDDMTQSTUAOPQPUFGAJWYTPAXBUMCVLFNWTAOHBPSIBKHUKXQGIMLPTCUURBRAYOKACFEUCEJQYGSECQYGPGKBNNKGAEDXQSQMYVNTJJNJPAGUHJYADCSILHREQMIVQQMUIWYDOVQE','{}','2019-07-27 21:48:16'),(5,'LKNTFWLTOUTLKBRHQCTPETDIXUCUAWTPYRKINFIKEJJTYDMYHJUQKQNBNUXJIVTLQSWIHOKSATCSQPOTMRUAASHFPIIPXPAHITFYCUVAKJRPTVNLCQCNKTWNKXHRXQEAMGLRQOADCWBJYRXTNLUEGICTMOQFJJDFQJATPYHYVUOTHAONGSUNDUTPNRWDCNKJBBFRNDOYJDJRGPFDRGYJRAVAXPRQXAUQWWADGFCBCHLMTLFQRPTDKGNAFESNPJR','{}','2019-07-27 21:48:16'),(5,'LQBWGWDRLUCCWYDFRWRGBILAYMKWCWFWRQVSSEVPIPRUJCJOGJHNHFSBSTWNFPSFODBXPXPGFTXMRONTNPYPOFPAFCEONCIVNXHYDAPMCSHKOQRNDUGTGHVWRSYGMSGPXEWJTOPXULBPJJAASCSQHYDBURPBFGACTHWCTCLMVFPHTGMDUGODWOMQXQMKRXLSMHSUIJQFXBNFTIIVTPUPNWNJYTJGSCUCHLJVKJXMMVCKOINFKCESHVUNYKUWELS','{}','2019-07-27 21:48:16'),(5,'LSNMSBRKUYJLBRTWOTPREGCWQWKGPHCXNEQAVAQBXXDBLOBDOYUHREINKPWTHFFWAMRKXJXPRUKESDIUACRMCUJXBOLVLOEMGLPJVYFWUNOLWBESDVUWXEJWWWYMNBHLBGAUICPCBBIHPUNFNVTUBAKAEYAXDUQDKPLGRSCTJRUFUHKKLTNUFBYVSEWIPCNHATWCOOVYMLOTKTHIJHVBYJEUGPOXJWRULDMBNJTETWKEJCCTICUNOLWAYNXJIRP','{}','2019-07-27 21:48:16'),(1,'MDEWCYBJWCMOEUQFGTMGNBHAYFXFWUALBMITKAHFFRXECNPHWXHYJXPVIPQGVWORQNRWBVHNHEKTLJRHUTSGGFHLTYHHCHOSHCIMPJCYLXSEUOMGRCYIMVKVTEVLRGXJXDRUYMJFAVLOACXNTVRDBYDVXVRTWPBJIMFJHJWUQWRDTEKRSHXHWEVBYQCRJRTNINLOTVVANKMIOMDJRBIESJYYWKHKUILKNXMBNQYWPEPXHILGGWJVSEPPRJOKSGM','{}','2019-07-27 21:22:41'),(5,'MFEQPINAQGULMSPXBQCYDOXESFMWWTHEMTKAWLHCFJIAGJTYACHYTSSLMVXNFGWEGIBIWQQOVLRXSSCSKKWYKUPPKEMNVFDMIGRDUIJANDJUQRYXXAVVYUHTOLAHDUPUPHNBBMHYIIWUNORRASOUFDKESPWCGQNOWARJMMAVAGPBCGGTDUNSYMMJTCQGUAVLXQQTEQPIVGQEBPQKXEPUVELXTEVFGFBSUQGSAHMVVMNIBJLKPEWRLEHRWWGPEJH','{}','2019-07-27 21:48:16'),(5,'MJBEELHIQXKCDHDVVRMTAWCOYECPQNLNPOIVWWDCHFWAKDTPCBDAFKOQMMVGIEXAHNKHRLFLERPGCMOVLJVUACLGPMXFXUDCCBXVWYOTEJRCEMRUEPWQBQBPONMBBQHKVVNYTQLRNQHBDUAYWSFRLGMWOGLVGQAMXBQNJETTSVJTJFFYHHYYLMVKALCABCTROVVWGYDLPTDCBDNTOUILSGECTFRTGPPRNIIILHXCINDSTJUOYDQCVEXGOUXRUOA','{}','2019-07-27 21:48:16'),(5,'MKUWKNWAKGQPIOOICDDQWTKVONOXVHYLRBBFQYUNHQNYLCBVDRHEIAXKLQEWDDLBWUMVWARTOWIVXMRGNTBDTKMEJGTXRIYNTCQLLMDNOKNAGETCIAOJALMCLSRAPVUWVPHYAWFVRDUNPVVMMSVGFLWERYVLXBEVPUXWOAAENOEQOKJFLALIAPVWKHMDUSNAIUPECPRTRAQPVDTSTMHOBMHGJGCQNNBAXHVEYAIVREKJAEHRANEILEILIYJJIBP','{}','2019-07-27 21:48:16'),(5,'MPWRUETWJMFKHRHSITTKXTJTOYLXWHWSNTGXMBICNLIYYMFENAAAFIUFXMQSUHXAOSQQWXRDKBNYQSMDCAMYQSWSLNUAVNCYWSCRLHWWBCINNMUPNYTYLSVQWKLSPUESERFBMARWIIINFCQWVNBPCGVYLFQAYLPBIMOJNHBKVEINGJTAQNGJPQWRMSWGBYUNPCBKYJDQEXJHMYSFEVDCCSBVFNBTDGHEDKJKAWXEROHYKJWJRJTCHTTRYEWYUAX','{}','2019-07-27 21:48:16'),(5,'MQBMMLWISGEDJLASUXGSRPGEOVXSAYULBQJXTBEIUAUTQOGDBJWLNFKYGRJJFOLVIXKCRUPSVIHTMCJPRBMOTVBPQOAVUOXSERTPYYANTGAKEJEXIWOLXMYFJGGVGUUORIRJIBHJQWXNFFYDNKPAMJXDVFASIBQIEPQPDLUFUKAUJCBDCRTMLYVVTDRBUXHBXQRMODYTTQABXTJUBNTVSOSTQYUGAEKOKAOKAYUKHYUYPQLVFPKFYPGXRVEAIEJ','{}','2019-07-27 21:48:16'),(5,'MTNXGENMCFQUSDOAYBVRPCAEOMTOFRGDJXTQLPJXBSLUVDIWDJQFVUOKWBWQMXHWTRAWILOHQPAQUTCFRXQVCRAGSPYTBHLYHQXBQIGGHKMPPJSHEEUEPQQFTFHGJOGWADQPDYEXJXRGIUOPQWCKEOTMHBLWWHNILDSQJGBRRSTWSOXGLTUDVDWWAXVBLWEVXMTSXBQGBMWGYQDCFJFOGUPVRUHQNBPWUYMANNUDCXYLAVVUHPVYHAWAHLXOTMY','{}','2019-07-27 21:48:16'),(5,'MWJBIDQNUJVTTKKTPUVRWMHNARSQERYISQKFXOYGTCSFTIPVDBGMSJOWROATSRKFGRICJCONMGTBICOBUONVCHRXTCFHYIGPJRSIIWMGGWDNAUETSXINDQXQOMDQLCPEMEONSINNUOIOULDNXWHBEPVAYXWTBYDDPYXGVPDSXVCYDXLJPUIBNSMEJUPEJXNLGTBQDQYHWTVDEQYXRHSMLDHUJHUIOBMVXTLOJKGNCYEQCLMAOFGQOYASGHCMWGR','{}','2019-07-27 21:48:16'),(5,'MWJPIYNFVESACAHQYNQMPIYCBXNMDWIHCHBMUHQLFSSABTXDPXGFOPTETTMNEGEYKDPUDHWHBVUBPXQHMTXAUJSRJKKWADCAGBAEMGJXXBLSWQURGDXNCMJKOGQABGOMWKUVIWNKQPKHQARDEKVAQTDJKEOOQPDVJLLWIFEIXBSJSGNPIYGJMSLHBNCKXDECMAEUAHBRYWVERDYWERHJMWEVDABFSGWDJSBRRCWUONLQPKFPPHPBGDHIBQCYCHI','{}','2019-07-27 21:48:16'),(5,'NENHNNVLASFUOBIINBLNOQIYANLUMRROFXGMFUBXQJLSBOHFUSQKYHITWKYPJYVJYJLIGARUCCFBGRERETYROXKDKVCWFECLCKLAMFXEWRIYQEMDAOWVCACYKDXAHJMMWKYUISRPBVOPAPSCFKGODMHXFAWSPSTHPVNXQNUSYWBTPAPUOCFYHDEUWGUAELNGTOOJMOLKIOVOMIOPVQYTFNCFTYPPHOIHSOULJFBCGVIHMKMMLSDANVJIGXGIGWD','{}','2019-07-27 21:48:16'),(5,'NGBTBBEARWVVPMJQQDMEVPGICSKQPRRWUNLDHYLKJKROBHRADXNPPDPEEENYVGMVITKIAXQNXDGMIGXCSAWKSJUGISILNSGSTHKRTSTRFGLOWIMGCNMYLYHEPYXMDITNBUXEGBRDVUYFBDKPIQMCLSCJEWYQBFCNBDJFTUSUXCBHTKAVLTTFDVGRUHRUOPUCDOIAXVUNMDOYYCVAOWPDOARIQWQOOTIIVFXKLVYNMVPSYWOEQBHQXPFCGATEBCI','{}','2019-07-27 21:48:16'),(5,'NGFUXNIWSOYIVACYFGOHBFTJEGTXLHWAGPLIHVFMYWOINHFUYKEKBXGELTVRVYAHGOUPIFXKFOGTLDDHMFDXVEQGNYFWULRSAJERPRTNGIWJSNETFOOMFUAUVCNHDJTBAPLXKEDJBUIYVSTFJFPIGKDAQDLKUKTWYDGXYEVINOXDJENECEWMHXLOPUCTMCANXUPWCJJCDWEJDYQFEODRRCVIOJUMHDUJXDKVJGUKYOUDVADSCMNPCDYDFOBRCUH','{}','2019-07-27 21:48:16'),(5,'NHMFTSQQNMMHDDLHYDAHWOERPGQIEPTSRBIKMJDXVHWXIEMSNYGSBJUOUTWWJFGUHHHPMOMSEULFMTBOBEBURENIVPOAYWRJXLTXYIBQTFAQIERLXRYNHSSTEUWUURPIPKWHSBCLCLBPSRTJGCVPDONCPFWVNBURBEVRBEAHGOPEOVQQQTCCXJTCIXWEQMWWCRWGKVYHCJSLAUIWYGSKGTQYJBAAIVFRDDBVKAYKKGTRFLGPAOTYKECIPDLUGJD','{}','2019-07-27 21:48:16'),(5,'NWTOFFPDNIAOEDKBLPKDVIQOQSCIOCHPQTVKRHTJTBTMOPIVDWVWQMJOBSLEAFIUPHPUWYHTFDWEDTXRLIAGQVUJTGKQPOHFMNGXTAVYVPCQOGNIPIYKXGTUWVNQVGXWJWVGAULKVWKKXUQXBJELSWRQGHFXORHCVVMJKSKMQHHRAHJSFQEKPXSKGRCJFXRYJNQNOPBYFXVDJVXCCFHLYCXFXAJWDOMKYPQKUXEPSQTYTIWAFPHEONKPDBFSEUH','{}','2019-07-27 21:48:16'),(5,'OELCRPHWQXVFDXOQXDSXPHUBVAYFOPLMLFTNXLHALAGRCPYDCNKQFUJOTWXMAPBIEGNAFLAMUSKIPXEPNKNWJGFCDLFKKSPGLIIAWXQIYAGHFJORMOHVRGBPBKLJHWWQDCCVLPPKPXJNIDRHAJNDFBHVXQFHBGOIUXLBYFXYMBLRDXSGOMQITLRYOGWFBNXKSUDYBEJQOKKVEGVEVIKVAEVHRITECITHIRMOHHRRPOTJLPOANNTNVIHXMQCUCKV','{}','2019-07-27 21:48:16'),(5,'OIVNSFROTNUYLEYWYIBIFVQYVNBUKAHIIEBWCUCXQYMUCCRBWVTBLYEFAHDRVFAJIYSHNAKKLMQLLJLAKQEOIVNCWAWSCFOEAIYBECWPMHEGCBYSQVGHIYCHBKGXSBCVPXLGDLXLWMTFGMHAFFXDOIJDWDULMPRBGLOLYWYHOGSLQOTOJADHVLEPPIFWUGLDNICXTOBFTPNOPOACTXDKNOJIJCKAXKPQEWSKTQTGSXOIVVJQMMPMCJRCLVKNMEE','{}','2019-07-27 21:48:16'),(5,'OJBEAUIQGORDDQGHESLIOLIVUQCWPSMGWAYGNAQUQLTLIAHETLQKWQUQNBASVJYVVYRHTGHVIMQLOBDHVSWLGLMLERIQMULVQMQPGHGHLCPLBGBPOENYFXISNJAJNFKBRDLVLQJCVEWDHQIKGLCCEBUWHTOAQFKSIAJCMWFOCFJJSIDEWVXQQEIUHVSHXQJPRXPBYAEIKFPEVDXUHJDXRXCRBVDUSEKXTGXKWSDQKPCYPMCLNSSKOPNHFIQBDNL','{}','2019-07-27 21:48:16'),(5,'OKURQOAXTTXQEGNGFNKQWNDEGUMOWAEXCGYGHNNYBKGMGVDJTDPVUQVMADWIDVBUYRSFXVTDWDIHEQFMGCYQFPOGAUGBCNHRYQDFJIJEPNKXOBEHOARDPETSVWKEDITNNTMIWBXSUGKCIMYJJBEHNEMESHXPPCPKSKJQHAYIEBSYYAUYLBCVSGSTFGKRFFDLCFOCLNJPNIGXEWEKYXFMSJDVCQSEPIAFQFKPKOYSDASTQGNOVPIKCVXCXWEIKSX','{}','2019-07-27 21:48:16'),(5,'OPORVCBJAOYCCIMCTTGATIJGLNUVBNNATOQCVLMNAYVVMLFGQVYYMJHYAQOCTWOXPSJKGIPMWPVXCXYFHYOHVMUGQQBINDYVPKBPITNTQEMOJLTPAMKGRRDFUBBCYBSMBOWLEVJNUVSQAOJXQAXLVQUIHYNTSTELHAIPVVOPPKGLMCQXPHTGPUVWENLLUGBOSRYMAMNDGHMKOBEBLXPQPAAGKUAIRCIGHAIJPRVWNESEATPCOTWKNEYCRCKGDLR','{}','2019-07-27 21:48:16'),(5,'PCYMFVJTCVOQMCJKIDCEUGERXMNGTTSEALTICIJQYKQHKLDMKNYVWUMULARJYIMAOPNLVVKIPLPFUMQPKADJDQIXHORVGCVIOYKGIRXWAJKNISVJURACOCBLJPXJGDSWUJGCSBOPPBKULBCVBXSENVMFRFLGQJOANVODLUVLXBQONGWKILAWIVNSSAYAUVCPBNJGAGCNVHARCPMAXWBMPRSRYSESEDPGGOJQHRJCGXPCKTDHVMDNGRJSCFRWVWL','{}','2019-07-27 21:48:16'),(5,'PKSLSFGFDKRALSXFFLUFIMMNXVIEEXDHLHEUPHYXBXYDXCCKKRASCNSYABQCBEDWXEYKFLIUGTEJMWKMTVHCJNUKWAPIEGWBEGWGTETTUXNSPVOHODFILXDGHRKQKDMDDWCEDJOJQAWECHJINLRSYNLCEREKWXFTUBOHIIGJGYSMJDVEKTLEFDACRFQXWCGVNWCSUSFAOKQHJTKCASLBRDQPFJXLPFWILDELSLWERTHIXNFMYVKIYUBCPFJQPER','{}','2019-07-27 21:48:16'),(5,'PKUJLMADJHQIGWHGAMQIFPVYFKWWGKJXNISRUYFHRDCGBOLDMCSXEULJYMCLXRQIMAFSCATORUXGWNRHXVSPKEYXHFBCNBQNWXDHIOLNNUYCUYLLUXQAMGFBBWJCHCPRBHNBBTBETMESUXKXYCQMAISMTEMOLGAEMOYTRLWBMFXWQDTOFJUJKPVFTFESHVGLIXMELQBMSRQSQNBJXORSUWADAOGGMBDOSKQGRFPLCQCOWOJKHUWDQJMCLUWITNF','{}','2019-07-27 21:48:16'),(5,'PNLMDDXITEPYLFBXEFHEBMCUTDYYVCLUGWARMYCYSVRWSKSWBNWVLWSOABVEIUOJLIYHOPJRLOATEKSUTRHWUBPTUXXRSWOLKGPHFWUXHXVCMTBVXKTGDCGJBOYQVEMQOYFAJAGDRAFDUWKLPYOTJDYVNMEJGMGRHBYVFHSJFNYIFTBRTSJHDVCEFTLMPWCOJFQBFEQHBVBDACKBSWYUQKXTHDUOWKONOBCFLLJXFITJXIRHFHOVDQYKOJYQRAD','{}','2019-07-27 21:48:16'),(5,'POTWIJTDPXKVIMMUKWEGNCJMCMWATMAVUNCGNSPFJSJOMSQWWQNPYCFEGARDLCSIHRFYHSBWSFIMJWJAXLSFRGFWSEBYDUSTWJPYPWUKHBIPCNTTOUXSOBXERAUTMADKMEAJNSXOJMGTYRCSCAAUTXNRICKSBXDYDDOHKLSBYSOVQFDXOCPGTENJEUOREXHBJDKOIQSWMYBXCMFTKXEFYCNRBLLFSFCNPYONXNPKBWNRMFNLJLUYWAVXIGQEYLU','{}','2019-07-27 21:48:16'),(5,'PWMKTDAGVPHAUXYKHYXXQNSCFRSSSLCRUYGTHWFGOLNOQGTGIFWEIEKUDRDPBLDXWOERQPIGYNFEILMYSJFSWSJPFWFKJINOVEAXBLLOHEIDAXWENIPMWTSXTDMOIYCRVWDMGDFNQMHNQECFRHXSAPXJPXPQDJJAOUBTUDULHWOHLLRAMNYULOSXBKPAKVOFSRDEHUVAVSXQELACAPQCGGNNXKWOBKHDQIRYNCNCCHXITHTRIOQYMIUMXOOGFMA','{}','2019-07-27 21:48:16'),(5,'PYSESHDQRRMNWFVDIHEFPACBPDRHVXBIGKFIDIWTHDSYAIGNRKDNMRWTMWFGNKQUETVKDDHUEIVFGQPDTYXBDLWWHOQXIWATSTDIJLVUPWHEGBXGLLRNTWPUQYSVUEVOSRXCRVKIDSLVDFLHSUBADJTSMTVGQCBOBQMYCCGJHPWETVVVNWAGHEFQLNSCILWFODAGLUHLHWCMQJJMYTBUGVSTOWPIYJJOJLMUAXOPJDMCLJIPUSUEXAXKPQATWEI','{}','2019-07-27 21:48:16'),(5,'QIPQFSUGEJQDBBDOCWQLHWNJEMDQHFQJVNHWFAKXILMEETPSPNASIAMNIIOCHFJXMKAEKDBBMUEWIJJTYXHQVHUUCPDETWATBDCUFAFWWRRFGQRXIPPXJLEQKWRVHIUTHCHUHPRSUEXTNHRNACXHVSIKEQUHDSSTCSSHWRCKFXILBHVRDUNKTVWXNOHDMNXUSJNLLHTQMVHSAKUILPMTWDHUTTTVHKNRQYTCWRGJIGIPIJEBOQRYKSXHQWCSJQQ','{}','2019-07-27 21:48:16'),(5,'QNMBDUKJALDEPLTMEWYDBEGGIIMPIDAKKTMGEYFGNYKTTLVDEADKUILCUPAOUOXAWKPFSEJAAFFGVNVMMWONJMBGHWXMWWFJCJIBLHRHGMUYOIOSLYKWUFEWCGTVBJHVDIKPKFWGNHALSRDBNLDRLKMDPIDORHIGIQSJNJUDGFEOLQWHNJUATINEVFKJIMLXHMFGPAEXIOVECYKNYDRQWWJFEOMRWBXBKVDKWXXAKQJFRXNAMYLSBBMKYIMPWAG','{}','2019-07-27 21:48:16'),(5,'QRDOSILEJJUJONYGYMUIHHDVBSICCPXWNSBANFVGNGCLPFNXFNBDMFEKLKRXINTFAGWGEVJWNDKKGVPFTTHSXEOYXXODQMEAHCNRXVPYPMJSVDWSTNHGTNVIOFOPCHXNQLUPGVTUANLFDLAPOKLOSMAPXUTJDHAVAPPHNJYMTQKCEJYCUPQFAQBSNNIWULMTSIIJBKSPWAFYWIDEHYTCFACCCLURCKYTLFVFKHGSWMIBRJTUWDVHIPGKETNCMMG','{}','2019-07-27 21:48:16'),(5,'QSSVEMOBFFQYNMJLXLMXYMGAJIARQWWLHLDKSABKRFAIBCFXXVYKDLGWSPJRSWSVITATANEHINWJFFUUEFADBXXBBUIFQUJJICUUMSFENELDTFPQATLRUSQGOVPXECBUWITQMGXEDXVPITNUXLRDRRPKWRWITSMQRHHYCXXMIOLVOCIDOSLWMXXPBQRRSQBGTLLNKOHIXUKDWIOSYWALVFPKJUGOCSQTHGATOWHXYCUTCVKHDCYSATIWVBJDJYV','{}','2019-07-27 21:48:16'),(5,'QUMFBBSGJKDTYDHDOFGDFXYHHKOSSEXONOCXWPETYESJVYXTMATJIABURYLELFGLWSJRAIGHOQEIDAKVQGEBHCCPUGYBTCWXVKKRVHSPCLDVXNOHDFNTRCDFNKYJDCLMBKBBEOJPRCOUPOTJWFTFVXIUMAOTEEXRQRYORCKROPUIRDXLATPVXUYNBIPVWLDYPNQBFYQROUENSUQNGPEMOAWMWGNNINBKDBWNSKFWFDEYPAXQYHGUJWONTNDGGTG','{}','2019-07-27 21:48:16'),(5,'REOFGJYTEBMEJHFUHFTPMAHWXSQBJLWKRLPDXBIARFJQMRYDOQJHVRHYOTMSILOGHWAOTFWGMBDGHBKVPPPWSQQGJUGRCCEQESFHYTFFXWQSNKTOVRYDGNGBHAAAULFGLOFMRPGGBOWORWUTCFEUBBOJPQSUVTYFSSSFPLCYDXEFTAMEUIVOHUQGMWIGTOKKCBQJRXDXDBPMDQWMUTKJBVTHCNVEXRHDAUAWGUMOUMVDBBPGBSBWPIMUTOMYNII','{}','2019-07-27 21:48:16'),(5,'RGDYLUNUBANLPRNRASOPEBAHJOHOBFYEREHMGSVIPLRETXHMQIQUGUQOJBERWPNUNKASSTFVOOIYACRRFBIRGDVCLIGWPDKUIJAMHAOCRIJVPTIULGFWGWVMMGYUAMWATVIBORSUJALLFGJYGIXKMIBGHLBXVTWBXFQTVQARGRRLENSYNGQDHVVNJFYKINPEYVAKQWMNBGTRUBQPRHSRFATJCBLOUEKETUAFKPBKLWFLMNSNURDYUOMMEUSDSOV','{}','2019-07-27 21:48:16'),(5,'RRMJDTTILKDIYLVCRRHPGCBIPMTTECUFCWBEOAUHDOOANTGYJSSKLMDGAJIJVMVDFJCKXPKNMCNVDGSBCDSQUAIQXOIIVUTHPMPSSIUMJNNJRHQLERVTQPSGOFFXDFVEYUFYLRPLQKAWYGXVTFEGSYHWJAVIYQJGNVPHRNQKMKWXPPFQOHNHPHRMGYEVDBBIUUNODEMSSTVCCBVLGAMYBHVXCVWCKBLQLKAHEHGWUQNYJJXBYFTKKXUEDNRYVKG','{}','2019-07-27 21:48:16'),(5,'RSIFVRQQUYLGNPYCAUJROJDWMYWVRGYSTODLIHNTGABQPDRCFGBSHIEVNRVBKHXYTRHKYUSRMGTSXCIFBRMVCJODTPHLFBVFGVSJGYXGLXIJJWGTSHUJXBTKOGGWJCYPASEFEIXIQODOGEKMHMKJKVQVIUCGRHOBSYBRPDWVDPBSKARQWVQIRPVGHFHOITVNQXECJCPPORUTVNQOIXIGWUWMEHHSPKXOGPAPRWFVLJFKETSMROYAKEDSRWMJYKV','{}','2019-07-27 21:48:16'),(5,'RUOCQWQEHICAKNHUUNPULFAWGYTCAOSJCATKRMJKWVMBINIFPGJXSEAJWPSMYWTAVHONSFAXJJBQFSKGKUKXKINRAVWFFQOJHMJHVVSABOUKWHXGFADLCWOSKIIQCDNSIGQGIDIWYWVFBHPCPDXOYQXAXJJIELSLRXRSARNEHOETHIVUQHSOLYGMFAVQSJNGNSFNKBBJYOKLGWLEJYXKQGLEKRDBRTSQEISQLJPCVKFGEDUNYJSNPVFDBPDMYBB','{}','2019-07-27 21:48:16'),(5,'SEJCHMJGLYQCMXJTFOPRWGKDGEMQDESQYGOAQLPPPHESQYNOIMCCCQQQVYOAUKBRQJHWAOENPXIWTAVVNARCBALIVYXMEMYFONMQTPGAPDIBQBWYOGSIFVLJCKKFLFKWFMLXQSMIEPEPUXEBRIOEXSMLFCEYMSSUXHSQOLUTBASAYFQQVQNQOCKLSGLNBLPEQUTJIYAGWQHWBNLJUUNHNNIGAJAFRQINEVSVTIJVEKXSGSODBUVRAMESYLGCALK','{}','2019-07-27 21:48:16'),(5,'SEVFOKTAUXQJFYIWWXWUCJQBJJRQCEXBVNPOUWEOJPFDJKCFDEBRVITOQQMLRORTRDPRFFWDNEBYDEHPJDPBIINRLMSXEAXYHEFXGJXNXLPLEQHJGYFMPQXKTENNOPMJLKTAQLTDHXXBFWQUWXQBAVTGTLQTWTXCTLVBHBWJPASNYYRQOMVWMRAACKXDUEHECMHBDTVOJSEDVRFELMKRXVPVTMYRLLQYNMCGWRMYTDYVTNITPNSXVAFMBQAVOEE','{}','2019-07-27 21:48:16'),(5,'SGCHLNSKRCQNWDTJOFORATWAJOVVFIMQYGJDMOKUPREOULNTPMMOYILDUOBONDERFRUUPTYWEMQNMVRNVPDSWHCBHSXBFWMRUUWHMQKYXQIDNUMIYRMTASKBFCIFOYUXKOICPKXWCWEUDJQNCJOREKGFBIUBYXLJNLDQLCBMUUQUTDFKXUYCGFCOGUNRBBJPEULADAEOCOKIIUMEMHRAJUSCQHCWPJGUYBFIQPRSMDUNUJDSCEUUXLIPJJPDSNV','{}','2019-07-27 21:48:16'),(5,'SIMUWVKSDXEHKGPUDDYVOKQWJDECMNHCSDBFLXQNEYQCTTWLWXYTYUFQQAFROPQRWWYYEUKJOJUBBOBKSLKNKXWWOIAVJVJUKSQAUIVBFACUUWHGJJVIVEMDQRLDRNPVVDGLQDPYNFGWIJAAJMRBITNLCCJEVDCMQNBBPLBKBWMEGOVJTNYNVDFQYACTJFCUFAQKUHNGFWSCDSVDEUJBADIHPVRLIBOJCRIJMJVSPDXGDBGWSOLHFECADJIBQUW','{}','2019-07-27 21:48:16'),(5,'SOSUMGIOGDXHLIGXGUUMIBRLDDXXGRDOTJWMDLHRUCIRBBNVMFJGBBOKYTAOKOAEYQAYDNWVFCJLLWVWWOIVSQNBFIPDAIMKTVALTQQUDCUKOIPXAUFFPMSUHAATKHXTMFOUYOWVQDHAWYGXAPHADCDTDNIDFQBEDGVGDUVIBPCJYVPDTVPUVGDEORTRPLOMGAEWEKWCPOTUWPOFSXIJVIQEETOGRAETDQWDYOTSELPSKVCJBOTSFGIIFPEMXXW','{}','2019-07-27 21:48:16'),(5,'SWVAXDSHAUPJAPFMRCSQAGFGLFJFBOPHNHCTMXXOAQNKJVJKICHVDXMTICMEQECKFLECSNRRLDNFNBNRTHXQJDXQGAGTCWIUEAPLHJNRYDIYBLRROEWTMHVTFRLUDTEXEMITNQDLPNKHCALDKFTTIYGRRBTCGRWEUVDQASPSWNTCUJWBIFJDREIUKXAQBNTXARIPJHEPTFLFJKEKDFMJSDITVLLVPXBIDQRYWSNGINDXLGSWQWADKTPAEKGPBBK','{}','2019-07-27 21:48:16'),(5,'SYMVGDYLHTWNXPTHYKGKTEMFAFCVBMXTJJLXFSVTMNWDFVAKPFTQAVBCCVUTHBHSTXBJNXRJSIQVYDANLNGWMEDEBVYWLRLVQEDQQHOPULVIRKRRJDMMISVXDGADMLNRXHTHEPFVHGTAJNHCUNACEPBKYYYPPYGNRWIMWCLPYBCVRJKGQXTPMGQTQSCKETRLWCCLQYYFRWOALIHAKLPSRDEEBOOTINREOYJGOKGBFPCWUJAKEBGOUYAQQVQRKXC','{}','2019-07-27 21:48:16'),(5,'TBWBIYQFYXPMDIBMPYPMTUSHQOXNFJPKVHNTUTXGIDNNFFFDSJNSHGQHRQXXRVFPBNVKGWCXOSTFWWOAYKBQXETUEHOQHYCPBYPDTFJRONSLPRXSVVIGXQQBQCIFOAGAQQOPMAYLHYERBCGDXFNUIPXPBMUTQBOMCOEDHSAMCADPBCRGENOVHGFLPKUYTPPGFFPTGYBVLERTFFXCPILWXDXLKIKHHKRWTMNHLTWNMMEEXLIJPDROVLUCYSALVJN','{}','2019-07-27 21:48:16'),(5,'TEASUKTOWMSRCYNDVWWMXVKNLPPSSLXSENWLEIEVWKKMXHEAESRSYXHCUKTIWVMYDDOMYEHQXQQQNOALBLUSVSDKFSCVWQVSOTJDSCQDNWCJLMDXCTDYJOQWVGJSSPYNFLCCJILNMBVYDHOBYHGHMPJOLOXYRGKGMKQIMBSAXUPXAERKPJDIQQRTIMJAUTQTRYWVRIMUIPQEVWRHGOKCSUTNGVFWYQBTGAVSHOHCSOCMOSPPRQSGANHPCXFVRAA','{}','2019-07-27 21:48:16'),(5,'TGNETKBFNLTUOTNSHGDVYUNBCOYUPBMBAIQKWHKQNUNIQJQBIOJACMJLMCQPYPUWKJTNMFVIASYXTSYBQKSEYVXINVTHVTIDHSNLRLMFYCENOUVIFHKNDAAMPWQOLRMBBCLDLXKSGEBGLCXAEGRBWLLHMTYCBLOCAXRUBNLGLAEKPWOFMCLXINITYLOESYKXGCRQMTXGDMKEFBVHSRQFRNUXXDJQOODCHJFQSILJCAIIJKJMLPNOKMHCTHDIFNO','{}','2019-07-27 21:48:16'),(5,'TIXNGOPCGJBSWNLSYRKHAERBVPIRARDDYIHJSHKNMMCAPUQKGDSGXNRUSPKOTCPWHVTCPSDLYSEQLAFDXVBQHDPWMTSRKELPNXXVYYEJLJGMDEPVJPCDEFQULQJPTOGGTRYLHSVXTCXTLAOBNKILJOAQNYHSFCCXJOVUAURGNRCDKBBLBVLVYNKWFUGDDKOIWSFTFCWCYOCLASCUFAFBYKKCGWBDJJMLMTQQINWFLCJAYKFDRHNPSXMIAKLIGMB','{}','2019-07-27 21:48:16'),(5,'TLOPXIIVWURBDYPEXAPVBVQIWAXYLYJILOAFFRSULYKYXDLEUGKSXPIFWIQUOPEYPFQELLPTPGKEMPYCBTPXKKCYLEJLEDOXJEVQGQCOPJKHSBIRRABQSISJTYOFIKBPFBVONWLCVLNDYKTYLRJECGRRAXQHFOVFMTUVDPVXVVALQTUTSMMHTOXPKEKKBIREFSERFYWFVDANYGFGWWWAAKJEDESFJJXAPAPFAWWWNUJNNYCEOUNBDPUKUFDCKDS','{}','2019-07-27 21:48:16'),(5,'TMVKNOPOGERCMCVNHPKXQHKFNBTSOPALBFJJHRCJYYRXKEMCYASYBXOSEFRUIHNUBAXQESPXQYNIXSPNBIGVNFXNLVKOVJOSWYPARAVRKSGCASFYQLUWWQMHVMXRSFQQDUCSJXWAXDTPOTDWDMQPIEXSJYNWYEXPWWAKTHXHBJRBURSLMJXALNEKMAQTFUPVYWHXJRPWUKCXMVBOURSKTXGJDBABMXLIORNHBNUHOBRJUPPQXIDGMKFKTAQHDFM','{}','2019-07-27 21:48:16'),(5,'UADVBWACJRBMGGYBBBDTYNETMGBXNOANMYOFJIMCSSCFCFRTHSCDCPCXKYXIDYTOVCKGPSUQYCBLGFWYPVPJPDEUHWATCWNWBEJLLHDPTXYGFMDQVBMMUWNBYSWKPJXRPDMOCYQYOXKBHUSSLLIGBDFXQHYCMAAYUDUFVWDWCAYSKLSLKVVEFOGWUUDYOIBPDKTEDVITVGBOLBOLCENULFTOSXRGQMDCHXIYJHEISNSEUQTIWQTEMBIQSOIIDJT','{}','2019-07-27 21:48:16'),(5,'UAHOSGEHGSRYVGCWLMALNGSUCIMVTGRSRHWXRYLLTLDWUGEUDTXBUNWTLMOIWNJPXUXSIVGDNJMEBRGQODYMDXKLARYJFJKRONADNTLJVVRPKRVYBUJOQPCDNXTIBALEUWXFBMOSJPBHIPMKNJUBPWPGEJWFPCJACSTUEWKMRJPYQDGIHOYRYUPLMXJMUJCHDUPJMHGPGYLWMDTWDYJRWEVVDDOWDMWHNDCPPRQFFLXJHUEHDLGDDHPSBQVVCDQ','{}','2019-07-27 21:48:16'),(5,'UEWLCPIQUWSBFJIWLHLPWPDKDTELVJNRSHPUUBQXELYPOLFOXPRFNNOTXVHOKBKBLLAOJFREBHVKQVCEDTCNCVXIVSCXDVXQLYJFMEMHEMIWPETRCGABCGNIVWTQGQMNKMCNFQQGCUUKLSHJKJYKMCFYIGIWJJBWEYCCIWJHUATVBJJOILYYPUIOANHFRKFPTTIHTWIRFFUSVKNEJLWEXDBYFTTYNEAIHBYSJLRNXYQGAVTLBVDMBBVALTTPNWB','{}','2019-07-27 21:48:16'),(5,'UKJYVJEACFXEWXWJTEALGICRUIPKRFHUMBWTKXYSHLJPOROCHJIMRJJNBWAJCXCLPUFXUEYLMUYNMORHRDCXGMONGIWOJPHYUMLTMCAPLUBWBNGRRGPUVCEDBJDYITFWGEVJSVQKWOXXQVHJRLUDNGWAHLBHOVMQIJXMJRCFFSDYVDDNVJTLNQDMFUKKDSQKGGEONDOOTSDUPRUGPJUMQIUWTKHPYCXGQJTLSGDYIOAWCYXQFDTOLBACWMJBAQN','{}','2019-07-27 21:48:16'),(5,'UKMXHKLQGGTLCMJWTYMGBNOXJQGDYXFAEIBLITQYKNGCSMTYYDKAUATLIHFWTXWTOWLTTHXQXCXIJJSUCFWLVXLAXJOVHHWIBDKTLQSPLSFINYIKMPNPBACCVCLHDBUKBVBEKDPUTDUOSJRTRGENYUSVAIPIXFRLNGHSOJWEXFJQQIECKCPCYGIQDMHXIMOEDNUCLQSROGIGGRILIAEICIAKSTTIRVHOJJEHHHQDJLYCRQTRHSTDHTJAGGMYEPI','{}','2019-07-27 21:48:16'),(5,'VBPWPPTTDGTXUSGBAJTPSTHKJWHJARMOKXOGQPCIBJOQBYSGXSRPEJTDREKKJJQWGINLSENQPIJNVEEQYCHMYNHFXBLHMTVGMSUORHUDAOPUTIUTIFQNMBNNQVIRLIMCHBISYCFFSJRYLCRLBBWOYEVEKIIUDCKQAJDMKFCVPSRYPYWOMCKUPMEEEHPVNPUVFNRQEJNLNDFBMPKWFQVCTLJSQABPECDONPNUSXEJSLSCMFVBWJODRWCDKRFMNVA','{}','2019-07-27 21:48:16'),(5,'VEBSWSNDUREKBCGDCDLGHIEYPYQWNALALDAPAHIUTDUXKQYLFVKIFNFJWXFYDMDKFPTDAVTNREWPKXLRTGXUNEGUJKOPLWPGPUFWSDWJXNGDKGELUEMJMGAEQBONPICJVMCJEUNSLHPGXXAUMUNXPDSVFWASKOQOELAEBTBLGUJOWDXXLMNMUSVLVSSYINCFQASIQBNHUGCOBJVGALGXURQPYUQFBGPILANPQOYUJUINDELDWQVXBWWDPGCKSXN','{}','2019-07-27 21:48:16'),(5,'VHMJVEVKBRYOGVHYQWPPWYAOJBYCYKGHUEPMURHFTGYUMGFIKBPMGGGAYTYGVNQEMLVRYLYHVTXTIVVIGAFTQHVDWFFRIARCJCDVGUOEXIOCTWWGFPRBVYVCFWHESCWUOUYWSADMQELSUSHYDRRARJYJJKUHJOMKQVTWTPSLOCYKYKBYDLKUGPYSXCMULNTEPNXDMKATXDFXAGMBHGYGOPNUBYWCJKDJJQMBEKHVDEGLTWTFLWHKKOWYFVPRSSL','{}','2019-07-27 21:48:16'),(5,'VOVXNFLDMWKBULBFAXSPYVQPFGFYJXHLWFJMKEMJEBWHIDNDXMOBWFGIBFSNXKLWJNRXAIDMSNHGKOPAUDSERAGCHAQJVBAAFPIPWUKOSSDJBDRKTMAJHCTOGKURHNMYMCAYROOELPPGFADWUMIJCVRNCLPTEAXNUIOALPTKIYWELFYOYXUCTLLIMOAHIGLKHIWYNDKVKQASIWMCMGDTFNERXMKOYCSSERFXDCVTCNVIIWQPRMMHXHKDADYFPLV','{}','2019-07-27 21:48:16'),(5,'WJBFUJIJKVSUAQJJBVELEWPPJWHWQWCMYXBPFBEHWBJXRRFYGOAJAWEPMKUNEYWQOGXGJFBBUEASHESPETRNUHKXPAPWWOPLLOLNYFVJWSVLUUVBPGMKEGJLYFXELJPKTFAVOJGQIRWPPUFEUJNWIKFXHVUOBADINTACUHXHCYOCKQTMTTIVKFKCPHPNFSLJWXCYAWMCUHIXUMXSJHWQKDSUBRYKGYIKSYEBHMSFIXIQWFYFUMUWSLNKMCTGTNP','{}','2019-07-27 21:48:16'),(5,'WKBSFSMCGNIYLHAQIAXNBHIXBTDUEPNROKAYQNBCDKNLHHVYVLOAPSDFVSGDPXGYEEIHURONEODEKYNYFOWOAFOMSKXGNFWPJKRWOEVAWIXEORBWSJPPSMWUXHHWAWKWNOGETNKEVEWNKUXIJMLSAGWFMORVNQFJJQBTRLYMVQCHLPYNTIFGXLFVBRYCWWJIFWHCGUBBPDQWHYXIDQCCWLPDDOYOEJVTAQQLJBHYSGQQHJSLEOHDTOEHMCKHGES','{}','2019-07-27 21:48:16'),(9,'WSXMBAHJBWWCPVOSSVYHNYXIJIXQOVQASJCUESDWTNOJRLNSQHCUDOANTUTUNTGKMPBLBDHYVMXRKYPQOOFNXJRBJVJYFHSIBBKSPJCAKMLPYGCKPXDPVSVJOKDYVIECQKLDMPQVLRNCCCRFQBYFRNUNSWPATXJMKPUCQTSFMTOOSPAUTSSTBGKGNPBOIMJBXMYKGCOSABOMBPILYNVVBSIQGYSHLBMJWEVDBIFMOFCWATXMAFJXQECDBDLPYOK','{}','2019-07-27 21:48:16'),(5,'XBYWNTMJASOWXMWDACUNUCVLYCKPGWXXABJRYXUCVMKPHOMVTTCGULOLIDYYLCUBGRDXFBEGHBPXKKWJBHADJLWVFHQYXLUNPKRDYDLCWRCIISEKQGKYBCSXOMCNJPKXOBMIBXLXUFKVSUBIAUXHRNQIIKXVCVJRRWWAGLQVVFXFBYNJECNRFPTNTRRCRJHOMPJRSKDSEASTBWLUCSWDXCCTGBTGWARTRRESCRQKPJCWPTCKQUDSLNHXGEUHIMM','{}','2019-07-27 21:48:16'),(5,'XECPKAEQJUMPPANQBQYSFJWMEXLJIFRWUHYTNTTLTVHJNDIDMIWWFAQBGINRAHMQRJSJDLVVFWUFAXYFXTSWCRAFUUKALWJOKLDLIATFEMDKWBQGLOUAQKWXLMYSFVBJYBFBKIVMDDKFOYOCIOPERQBRRTCBXBCUUEJPFBFLTFKAUXKHLRVHEYATJKLRMGHLHHKNRLCCIUJPEUBLSTWBXEYCKVWUTIKYJWFINVITOLMGGRQLLJDQNERPOQBIKFA','{}','2019-07-27 21:48:16'),(5,'XFLVJXNBVQAORDVYQOLWMQQHNXQPIEYAKKPNKROPWQQWNVOJRFNCOSNYKQDSQVDOYWJLVLFUSUDTXTSJISTIUNRDEVMELBIYMKDCUQGHQVJJOPVERPRHIDWTSNQSHAGSILJUBIQDCMHWXISUOGTSSFQKPHEQIFHABJVIBPEBVLYTKXSJHSNQPWJRUMOSMYCFFLSIXWFBYCVYEWFMRVVFOKSCWSDAHIMQPRRLVEWFVLVBRGPIRHNFIMSBXLQGBCG','{}','2019-07-27 21:48:16'),(5,'XMDCLYVXRBUXAJFVUSEOGOKRAMSYMIMXYIRPFWASSASCQKISAYVCNPFOTOYBICESKXKEABDUAJUQRHWIRXLUGYUEKOHFLQGUWUHFJWSKAICAXQDSMSWHHAUXDHEEBWDHRHCNJLHQLCXWDOWJLLDUCKILCJLJEPLYDXYBIHBQYDAOMFDREQMNCYAFATXDQLWAUXSWHSEWPSXGNXKUEYPIHPATCHQOWMXIDBRSJXSEOBCIISVJPIXJQYRQJMVDBON','{}','2019-07-27 21:48:16'),(5,'XOFMHLYKPFNPTRRGSHHLXITNTIFJIMFBOYFDHMFUTWERTWCRYYGINLSDTRTBJVBNOMTFYXRESLGJTXLCLVUYIIFKITMDMDCDIVBOHJWRDRHDAXCXFDTKSSNOCAGYJECKAMEVCHGSNKTSHLJYHWYDSMQUXWTOXNUIRGORNYIAJFDROTWDQQAQTLJCYDUTRTFKSUOSAPNGRSKCTEONRNGUXXIWWHUHNIHLFCQPFVOFUCEFRETVUETAEPPVCNPQIAO','{}','2019-07-27 21:48:16'),(5,'XOUGRORYQCEMLQNMSJIRKXVFCODKKRBJCYDTFKJOOGWPIEPEFJFDLEGITECXFRCIJIGKQDPLDBTNAHTSSLIPUCJRNEABCTWGUOWIKEQNDCHEXAPUNPVQACOVLISUOLFUQJUPDNLQBLODYOLQYPNYQGNCTPYUGRGSQSBPUYDUFIRYVJIQYBGQSVKVJYJVNXBNRWPYWIFKNIBUWAMLKMUFIVBEIKJWDJGJAQREEDTMITLCYYJVYRPULLOQEUXUXIO','{}','2019-07-27 21:48:16'),(5,'XSEEXFCTLSCYHPCBPKUITMEVXJLYFEPIVRQGQTXMKIQWYRXQSKOQNHWFLTGMHIOLXNRWQXCJTUBXLLLCSRNWMIXTVBCNHEATAXJADFPOYQJLLDUSSWFIOCNVCOLNCHNSQJTMTYODAYEDKWDLAQCWUYVQQKFSOYSCAIPFXCEJSBLIERXIGGDESEOFSGWGMAJKPLXSQVYHBYJXPRDIGGSUMABCFGIJQLKPVQCVKJGYIEDLPAEIJKGLIXCAVIICAVO','{}','2019-07-27 21:48:16'),(5,'XTMUGBWIDOOFANOOJPVMRVGGIWKDCYWLIGJBCOLAYEOCTYHGKWLMQENFHMHDWIWSAVETXOTCREEEEEWSJTECSWNUKJRYWJCWAUEQIQMORFTJNPPTADENPDFDUONXRVHIGFWFOOVOUFFHMJIYFGYLFYARJKSESTOKVTKFNUQWYCQOTGFRSMRXIQGKWSEPXAUNAERBIUOAKHFANMDDEAAUCGPRUFGVFNOQPJEHIRNAUIBYHEDUINPDSAHXIDIUQJS','{}','2019-07-27 21:48:16'),(5,'XVGGXROAEEOYPGSOFXWIQFYLJQCOYDOAAITAKNNWLQKTHEIAEKWLMSOBFSUYBTKMEWQXIRQPLJHWDONGABUWLGSBUUWTIWMANOBLDDGVJAMBYIXLVUICXITHOWDFCQDXTGXLPAMIXSIPKRQHWDTQXIEGPLACBPYFGIAVXSXYTUIBOSRQBPHIFYDADTQLEFKQTLEPDPMCWIOERHILLPWOUCOLVAUWWKYLNJPPNESAEHGHMCLANUMQVULTTMBKEFB','{}','2019-07-27 21:48:16'),(5,'YCKAXTBACEHYCUVWPBCEAVVOEMFEEVIEYNMBDXXFEMVOSUEBURACDSUSCEERNGVMXQCDGYVWSFLCARTLNQSJDALULGESYFFDEPMAEDUGQVAMTDLKESPKNRROOSSESMMXUARGUMIQYOSQDAGPKFJGNFGOIXWQKWGFVNCNXXBBPYOATABQQKGYHXHTAHMIOKDTJSGDIMLVKCXPKENOUXKWHWOCMXSEXDQVPGYEGLKJROSJNAYVBKDLOWJUSBQIHOS','{}','2019-07-27 21:48:16'),(5,'YEBYCNQGLWPCDYQKMEQQKTNVVDVBLGGBVSYCXBTNVOFQOJTEICAJPPOTMLCMNTQDRGNVGSFUQIHFNTPDJWAVAAAQFUBTRCLIXXMDIVMMLHAVALEFCMAIYWHLPDFGBKDQUGDQFWXYLGWWPGEXMWMVJRAKIAWUTKXDDPWULPNYEKWVIYBDFKPOEMVXKLRRESBPDRODSEYKWENIVKPFKMMHTLKPOKUVOXCWBKVNJIRCNNBSTFFGATDUIPXKEOQXGWG','{}','2019-07-27 21:48:16'),(5,'YKMEDIWSGOYXHXSGGIOPFPDLYIQYASBQWKSDUUSYAGGVYTXKQTQVBUOGJNPTENETKXSXSRBNOYYXSNEUNQPMVETATHXNIMYLSTSIWFWBXSFOYGDGVKOOMHJFRDNUPTEXTCFRQAAJDYPMQCPCDGCUSSIIVRSYNSEAYDJMRQJMQLLCIWBEJEDBBMDLUMRKQRHREHHEKJHBXWQYAYOLGYCKCHLFLBBQGUSDKKLIXLPPEQILGHMDPWMHSQLWELHLKQQ','{}','2019-07-27 21:48:16'),(5,'YMKNCEHJANXODMIKOODRLWSGXSFMGCRNCMTJSTQTDYXANSRAPPJVYYAENEAELMLQKQNBOEKPSAAMXMLGMWOMGGGGWUBUFXKNLPROFIAAPLFNFKJNWVGVPHANDRCSGDUELOROGWHBBRBIPUMJNFTPVABCHHJWXQLRPGPLJYSJLGAOIDPOONKOMLCTTNLHOCFCBWUKSQKCUKRCVDQPISJIKBFGACCIWAPXFUNJANKBWYXCCFQNBKFPPOKXVUGXXHI','{}','2019-07-27 21:48:16'),(5,'YTRDNBTGDFAVLYXXRLEAWCAXDKXCWBSPTCQSBYRTTISNUBAJPLLALVWWCTONQOJHNFECIDNFQQIYKXCQHHUEARKUJYGSUUILMYSMVCUFEITMLVSEVYHVNFMLMPVUXFPTAHQJSOMHBTIUXJGKNQKQRLYXRMSCRHNLXLWKPSOBRAVTMXHLXUVCJDADMUACFIAKQIQHWMIVLGXTOYNMWFOYUUBYTFFKFUFUFAHGWQDDJWHMKRWCBREAPOXSSYHHBWR','{}','2019-07-27 21:48:16'),(5,'YVPREFGJMTCEHJQCXUCGEJKHSAURLVYTTSKVOHGWDIPAAYIJMITTGYDCWKNUVNAKRAXRETCQMOCQIMMVSBUYBAAKETJSRGIGPLVPPDNRXWOAXAPMIORROIKVXGVMMHQUTHRDKSHQKVCEPINAFRKWRTENJNKWSXOCOCKDCAHHRUYRSEBKYAXRPGKUKXVTTYENONJINJVNFFDKUEJDGISCEVURSPASIVYBCNBAPOHQNWSLWHAUGEYAPJCHPRAPCEW','{}','2019-07-27 21:48:16'),(5,'YXBCYBSVRVISTIKKLCIEVULWXWLNBQCESTVFUJGGOIOJCQEIDMIWWSTJITEWSLEQUMFDSLJFLXUJPEFWSTDYREDYDNUSTJQGNVCORHBFEVCEQMUHJXRVGSGRXOVHNSIIQLPPRRRAFKPGSXYTSTCFGXEJXRFNBYBOQHYKWLIHFMLYSKUJAKSHDYYEJEKLWAREMWXLOVDOQSBVGLSJDLYUFMPILVGBDIVDELEDUANHEUNMJOFCOQENAAQNFOXFKCC','{}','2019-07-27 21:48:16'),(5,'YXWTOGVMRJDPQGBXMCCULYQCONLNVWDKXIOGMSKKGIAFBTHIICIMMUDTNLTSYAUYRHALPXHNANAOJLEJXDJXANBUXTONAAGCOSBOOLCMUHRAXSSVLYJTQVILDYHSMLSTEVLFGQAQCHYWNCJCJFJJEGTUXWKLYEMXAWFSLYJJRFPAXDPVENDWHBQMQKRMJNDJWNYGCFTYWGQJOCLMMOJTYHJGBXXOBIUTXPKHPBGFSTKGODBFMOFNYTLGONEHVQU','{}','2019-07-27 21:48:16');
/*!40000 ALTER TABLE `sessions` ENABLE KEYS */;
UNLOCK TABLES;

--
-- Table structure for table `user_answers`
--

DROP TABLE IF EXISTS `user_answers`;
/*!40101 SET @saved_cs_client     = @@character_set_client */;
/*!40101 SET character_set_client = utf8 */;
CREATE TABLE `user_answers` (
  `id` bigint(20) unsigned NOT NULL AUTO_INCREMENT,
  `user_id` bigint(20) unsigned NOT NULL,
  `answer_id` bigint(20) unsigned NOT NULL,
  `ctime` datetime NOT NULL DEFAULT '0000-00-00 00:00:00',
  PRIMARY KEY (`id`)
) ENGINE=InnoDB AUTO_INCREMENT=5 DEFAULT CHARSET=utf8 COLLATE=utf8_unicode_ci;
/*!40101 SET character_set_client = @saved_cs_client */;

--
-- Dumping data for table `user_answers`
--

LOCK TABLES `user_answers` WRITE;
/*!40000 ALTER TABLE `user_answers` DISABLE KEYS */;
INSERT INTO `user_answers` VALUES (1,1,1,'2019-07-27 21:22:41'),(2,1,1,'2019-07-27 21:48:16'),(3,10,9,'2019-07-27 21:48:16'),(4,10,14,'2019-07-27 21:48:16');
/*!40000 ALTER TABLE `user_answers` ENABLE KEYS */;
UNLOCK TABLES;

--
-- Table structure for table `user_points`
--

DROP TABLE IF EXISTS `user_points`;
/*!40101 SET @saved_cs_client     = @@character_set_client */;
/*!40101 SET character_set_client = utf8 */;
CREATE TABLE `user_points` (
  `user_id` bigint(20) unsigned NOT NULL,
  `category_id` bigint(20) unsigned NOT NULL,
  `points` bigint(20) DEFAULT '0',
  PRIMARY KEY (`user_id`,`category_id`)
) ENGINE=InnoDB DEFAULT CHARSET=utf8 COLLATE=utf8_unicode_ci;
/*!40101 SET character_set_client = @saved_cs_client */;

--
-- Dumping data for table `user_points`
--

LOCK TABLES `user_points` WRITE;
/*!40000 ALTER TABLE `user_points` DISABLE KEYS */;
INSERT INTO `user_points` VALUES (1,1,2),(10,1,400);
/*!40000 ALTER TABLE `user_points` ENABLE KEYS */;
UNLOCK TABLES;

--
-- Table structure for table `users`
--

DROP TABLE IF EXISTS `users`;
/*!40101 SET @saved_cs_client     = @@character_set_client */;
/*!40101 SET character_set_client = utf8 */;
CREATE TABLE `users` (
  `id` bigint(20) unsigned NOT NULL AUTO_INCREMENT,
  `name` varchar(255) COLLATE utf8_unicode_ci DEFAULT NULL,
  `password` varchar(255) COLLATE utf8_unicode_ci DEFAULT NULL,
  `email` varchar(255) COLLATE utf8_unicode_ci DEFAULT NULL,
  `ctime` datetime DEFAULT '0000-00-00 00:00:00',
  PRIMARY KEY (`id`),
  UNIQUE KEY `email` (`email`)
) ENGINE=InnoDB AUTO_INCREMENT=12 DEFAULT CHARSET=utf8 COLLATE=utf8_unicode_ci;
/*!40101 SET character_set_client = @saved_cs_client */;

--
-- Dumping data for table `users`
--

LOCK TABLES `users` WRITE;
/*!40000 ALTER TABLE `users` DISABLE KEYS */;
INSERT INTO `users` VALUES (1,'test','jZae727K08KaOmKSgOaGzww/XVqGr/PKEgIMkjrcbJI','test@test.ru','2019-07-27 21:22:41'),(5,'SdP','73l8gRjwLftklgfdXT+MdiMEjJwGPVMsyVxe16iYpk8','vsol@bk.ru','2019-07-27 21:48:16'),(8,'alex','73l8gRjwLftklgfdXT+MdiMEjJwGPVMsyVxe16iYpk8','alex@mail.ru','2019-07-27 21:48:16'),(9,'qwerty','73l8gRjwLftklgfdXT+MdiMEjJwGPVMsyVxe16iYpk8','qwerty@mail.ru','2019-07-27 21:48:16'),(10,'John','DWvmmyZHF/LdM2UuISsXMQS0pke3wRrnLpiF8RzTEvs','email@email.com','2019-07-27 21:48:16'),(11,'asd','73l8gRjwLftklgfdXT+MdiMEjJwGPVMsyVxe16iYpk8','asd@asd.ru','2019-07-27 21:48:16');
/*!40000 ALTER TABLE `users` ENABLE KEYS */;
UNLOCK TABLES;
/*!40103 SET TIME_ZONE=@OLD_TIME_ZONE */;

/*!40101 SET SQL_MODE=@OLD_SQL_MODE */;
/*!40014 SET FOREIGN_KEY_CHECKS=@OLD_FOREIGN_KEY_CHECKS */;
/*!40014 SET UNIQUE_CHECKS=@OLD_UNIQUE_CHECKS */;
/*!40101 SET CHARACTER_SET_CLIENT=@OLD_CHARACTER_SET_CLIENT */;
/*!40101 SET CHARACTER_SET_RESULTS=@OLD_CHARACTER_SET_RESULTS */;
/*!40101 SET COLLATION_CONNECTION=@OLD_COLLATION_CONNECTION */;
/*!40111 SET SQL_NOTES=@OLD_SQL_NOTES */;

-- Dump completed on 2019-07-28 11:57:09
